{
"type": "FeatureCollection",
"name": "kyiv_damage",
"crs": { "type": "name", "properties": { "name": "urn:ogc:def:crs:OGC:1.3:CRS84" } },
"features": [
{ "type": "Feature", "properties": { "num": "1", "date_time": "1 січня 2025 ~07:10 (UTC+2)", "place": "Печерський р-н, вул. Банкова, 1/вул. Інститутська, 10[280][281][282][283][284][285][286]", "wapen": "Дрон-камікадзе", "die": "2 особи", "injure": "4", "damage": "Часткова руйнація з 6 по 4 поверхи шестиповерхового житлового будинку Раднаркому УРСР з послідуючим загоранням квартир на 4 та 5 поверхах на площі 70 м² та покрівлі адмінбудівлі НБУ на площі 200 м², пошкоджено будинок КО НСПУ, приймальня ВРУ та дитячий садок №87", "lat": 50.44664, "log": 30.53064 }, "geometry": { "type": "Point", "coordinates": [ 30.53064, 50.44664 ] } },
{ "type": "Feature", "properties": { "num": "2", "date_time": "1 січня 2025 ~07:25 (UTC+2)", "place": "Святошинський р-н, вул. Академіка Корольова[280][281][288]", "wapen": "Дрон-камікадзе", "die": "—", "injure": "2", "damage": "Руйнування 2 гаражів з подальшим загорянням на площі 20 м². Пошкоджені багатоквартирний будинок, 6 легкових автомобілі, трамвай, трамвайну колію.", "lat": 50.41072, "log": 30.41322 }, "geometry": { "type": "Point", "coordinates": [ 30.41322, 50.41072 ] } },
{ "type": "Feature", "properties": { "num": "3", "date_time": "10 січня 2025 ~02:09 (UTC+2)", "place": "Солом'янський р-н, вул. Ушинського, 25-А[289][290]", "wapen": "Дрон-камікадзе", "die": "—", "injure": "—", "damage": "Руйнування технічного поверху житлової 16-поверхівки, пошкодження скління вікон та шість автомобілів", "lat": 50.42533, "log": 30.44347 }, "geometry": { "type": "Point", "coordinates": [ 30.44347, 50.42533 ] } },
{ "type": "Feature", "properties": { "num": "4", "date_time": "18 січня 2025 ~05:50 (UTC+2)", "place": "Шевченкіський р-н, вул. Ю. Іллєнка[291][292][293][294][295]", "wapen": "Балістичні ракети з ОТРК «Іскандер-М»/KN-23", "die": "3 особи", "injure": "3", "damage": "Частково зруйновано виробничу будівлю з подальшим загоранням на 3 поверсі, фастфуд «McDonald's», БЦ «Лук'янівський», ТЦ «Квадрат», магазин та 10 автомобілів. Пошкоджено водопровідну магістраль та наземний вестибюль станції метро «Лук'янівська»", "lat": 50.46292, "log": 30.48178 }, "geometry": { "type": "Point", "coordinates": [ 30.48178, 50.46292 ] } },
{ "type": "Feature", "properties": { "num": "5", "date_time": "29 січня 2025 ~05:30 (UTC+2)", "place": "Дарницький р-н, вул. М. Хвильового[296]", "wapen": "Дрон-камікадзе", "die": "—", "injure": "—", "damage": "Пошкоджено огорожу та будівлю прохідної електродепо «Харківське»", "lat": 50.41019, "log": 30.69408 }, "geometry": { "type": "Point", "coordinates": [ 30.69408, 50.41019 ] } },
{ "type": "Feature", "properties": { "num": "6", "date_time": "12 лютого 2025 ~04:30 (UTC+2)", "place": "Оболонський р-н, пров. Куренівський, 12[301][302][303]", "wapen": "Балістична ракета з ОТРК «Іскандер-М» (або С-400)", "die": "1 особа", "injure": "4", "damage": "Руйнування у двох офісних будівлях та котельні БЦ «Кінетік» мережі «Forum Group», ньюзрумів телеканалів «FreeДОМ» та «Дім»", "lat": 50.49078, "log": 30.47372 }, "geometry": { "type": "Point", "coordinates": [ 30.47372, 50.49078 ] } },
{ "type": "Feature", "properties": { "num": "7", "date_time": "12 лютого 2025 ~04:30 (UTC+2)", "place": "Святошинський р-н, вул. Стеценка, 75-В[304][305]", "wapen": "Уламки балістичної ракети", "die": "—", "injure": "—", "damage": "Загорання на даху дев'ятиповерхівки у ЖК «Welcome Home»", "lat": 50.49622, "log": 30.36886 }, "geometry": { "type": "Point", "coordinates": [ 30.36886, 50.49622 ] } },
{ "type": "Feature", "properties": { "num": "8", "date_time": "18 березня 2025 ~09:00 (UTC+2)", "place": "Деснянський р-н, вул. Путивльська, 35[317][318]", "wapen": "Дрон-камікадзе", "die": "—", "injure": "—", "damage": "Уламки на відкритій території спеціалізованої школи І-ІІІ ступенів № 23 з поглибленим вивченням англійської мови", "lat": 50.47372, "log": 30.66994 }, "geometry": { "type": "Point", "coordinates": [ 30.66994, 50.47372 ] } },
{ "type": "Feature", "properties": { "num": "9", "date_time": "21 березня 2025 ~22:00 (UTC+2)", "place": "Подільський р-н, вул. Гончарна, 16[319]", "wapen": "Дрон-камікадзе", "die": "—", "injure": "—", "damage": "Загоряння на останньому та мансардному поверхах житлової триповерхівки на площі 100 м²", "lat": 50.45769, "log": 30.51247 }, "geometry": { "type": "Point", "coordinates": [ 30.51247, 50.45769 ] } },
{ "type": "Feature", "properties": { "num": "10", "date_time": "22 березня 2025 ~21:00 (UTC+2)", "place": "Подільський р-н, вул. С. Данченка, 5[320]", "wapen": "Дрон-камікадзе", "die": "—", "injure": "—", "damage": "Пожежа на площі 20 м² на 20-му поверсі ЖК «Крістер град»", "lat": 50.49944, "log": 30.42764 }, "geometry": { "type": "Point", "coordinates": [ 30.42764, 50.49944 ] } },
{ "type": "Feature", "properties": { "num": "11", "date_time": "23 березня 2025 ~00:00 (UTC+2)", "place": "Голосіївський р-н, вул. Деревообробна, 7[321][322]", "wapen": "Дрон-камікадзе", "die": "2 особи (з них 1 дитина)[323][324]", "injure": "1", "damage": "Пожежа у 4-поверховій офісно-складській будівлі інтернет-видання «Обозреватель» на площі 2000 м², у побутівці﻿ при церкві ХВЄ «Емануїл» та вантажівках на площі 60 м²", "lat": 50.40544, "log": 30.57706 }, "geometry": { "type": "Point", "coordinates": [ 30.57706, 50.40544 ] } },
{ "type": "Feature", "properties": { "num": "12", "date_time": "23 березня 2025 ~00:19 (UTC+2)", "place": "Дніпровський р-н, просп. П. Тичини, 3[325][326][327]", "wapen": "Дрон-камікадзе", "die": "1 особа[328]", "injure": "9", "damage": "Пожежа на площі 100 м² на останньому 9-му поверсі та покрівлі житлового будинку 1-КГ-480-26", "lat": 50.42839, "log": 30.59794 }, "geometry": { "type": "Point", "coordinates": [ 30.59794, 50.42839 ] } },
{ "type": "Feature", "properties": { "num": "13", "date_time": "6 квітня 2025 ~05:00 (UTC+3)", "place": "Оболонський р-н, просп. С. Бандери, 9[330][331][332][333]", "wapen": "Дрони-камікадзе та ракети", "die": "—", "injure": "—", "damage": "Часткове руйнування 3-х останніх поверхів бізнес-центру «Grey Plaza»", "lat": 50.48986, "log": 30.475 }, "geometry": { "type": "Point", "coordinates": [ 30.475, 50.48986 ] } },
{ "type": "Feature", "properties": { "num": "14", "date_time": "6 квітня 2025 ~05:00 (UTC+3)", "place": "Оболонський р-н, вул. Ливарська, 7[334]", "wapen": "Дрони-камікадзе та ракети", "die": "—", "injure": "—", "damage": "Пожежа у меблевому цеху та складській будівлі на площі 1500 м²", "lat": 50.49158, "log": 30.47669 }, "geometry": { "type": "Point", "coordinates": [ 30.47669, 50.49158 ] } },
{ "type": "Feature", "properties": { "num": "15", "date_time": "6 квітня 2025 ~05:00 (UTC+3)", "place": "Дарницький р-н, вул. Зрошувальна, 5[330][335]", "wapen": "Дрони-камікадзе та ракети", "die": "1 особа", "injure": "3", "damage": "Руйнування та пожежа у нежитловій будівлі, займання трьох поруч припаркованих автомобілів", "lat": 50.43289, "log": 30.67431 }, "geometry": { "type": "Point", "coordinates": [ 30.67431, 50.43289 ] } },
{ "type": "Feature", "properties": { "num": "17", "date_time": "12 квітня 2025 ~04:30 (UTC+3)", "place": "Святошинський р-н, вул. Гетьмана К. Розумовського, 27[337][338][339][340]", "wapen": "Дрон-камікадзе", "die": "—", "injure": "3", "damage": "1) Загоряння в складській одноповерховій будівлі на площі 1500 м²; 2) Пожежа у двох складських будівлях на площі 1000 та 150 м² з частковою руйнацією", "lat": 50.46775, "log": 30.37619 }, "geometry": { "type": "Point", "coordinates": [ 30.37619, 50.46775 ] } },
{ "type": "Feature", "properties": { "num": "18", "date_time": "24 квітня 2025 ~01:00 (UTC+3)", "place": "Святошинський р-н, пров. Кременецький, 5[341][342][343][344]", "wapen": "Балістична ракета KN-23", "die": "13 осіб (з них 1 дитина)[345][346][347][348][349][350]", "injure": "87", "damage": "Зруйновано двоповерховий житловий будинок «сталінка», пошкоджено сусідні споруди (докладніше)", "lat": 50.46036, "log": 30.38139 }, "geometry": { "type": "Point", "coordinates": [ 30.38139, 50.46036 ] } },
{ "type": "Feature", "properties": { "num": "19", "date_time": "24 квітня 2025 ~01:00 (UTC+3)", "place": "Святошинський р-н, вул. Дружківська", "wapen": "Дрони-камікадзе та ракети", "die": "—", "injure": "—", "damage": "Руйнування в гаражному кооперативі «Станок»", "lat": 50.45094, "log": 30.40572 }, "geometry": { "type": "Point", "coordinates": [ 30.40572, 50.45094 ] } },
{ "type": "Feature", "properties": { "num": "20", "date_time": "24 квітня 2025 ~01:00 (UTC+3)", "place": "Голосіївський р-н, вул. Моторна[351]", "wapen": "Дрони-камікадзе та ракети", "die": "—", "injure": "—", "damage": "Руйнування в ГБК «Волна»", "lat": 50.38019, "log": 30.53872 }, "geometry": { "type": "Point", "coordinates": [ 30.53872, 50.38019 ] } },
{ "type": "Feature", "properties": { "num": "24", "date_time": "4 травня 2025 ~00:30 (UTC+3)", "place": "Оболонський р-н, просп. Оболонський, 21-Б[359][360][361]", "wapen": "Дрон-камікадзе", "die": "—", "injure": "11", "damage": "Займання на верхніх поверхах багатоповерхівки 111-96 з розповсюдженням на покрівлю, понівечені 12 автівок, пошкоджено 18 будівель, у т.ч. 14 житлових, 2 дитсадки та ТРЦ «Dream» блок «Berry»", "lat": 50.516, "log": 30.49799 }, "geometry": { "type": "Point", "coordinates": [ 30.49799, 50.516 ] } },
{ "type": "Feature", "properties": { "num": "25", "date_time": "4 травня 2025 ~00:30 (UTC+3)", "place": "Святошинський р-н, вул. Гапоненка[362][363]", "wapen": "Дрон-камікадзе", "die": "—", "injure": null, "damage": "Пожежа у трьох приватних садибах", "lat": 50.46344, "log": 30.38458 }, "geometry": { "type": "Point", "coordinates": [ 30.38458, 50.46344 ] } },
{ "type": "Feature", "properties": { "num": "26", "date_time": "7 травня 2025 ~04:30 (UTC+3)", "place": "Шевченкіський р-н, вул. Табірна, 46/48", "wapen": "Дрон-камікадзе", "die": "2 особи[364][365][366]", "injure": null, "damage": "Пошкожено житловий будинок 1-438-5 з подальшим загоранням на 3-му та 5-му поверхах", "lat": 50.45936, "log": 30.42225 }, "geometry": { "type": "Point", "coordinates": [ 30.42225, 50.45936 ] } },
{ "type": "Feature", "properties": { "num": "27", "date_time": "7 травня 2025 ~04:30 (UTC+3)", "place": "Святошинський р-н, вул. Симиренка, 14/9[367][366]", "wapen": "Дрон-камікадзе", "die": "—", "injure": null, "damage": "Пошкожено житловий будинок 1-464А-51, з загоранням на чотирьох верхніх поверхах", "lat": 50.41272, "log": 30.39503 }, "geometry": { "type": "Point", "coordinates": [ 30.39503, 50.41272 ] } },
{ "type": "Feature", "properties": { "num": "28", "date_time": "7 травня 2025 ~04:30 (UTC+3)", "place": "Дніпровський р-н, вул. Дніпровська набережна, 1-А[368]", "wapen": "Дрон-камікадзе", "die": "—", "injure": "—", "damage": "Часткове руйнування парапету загального балкону на рівні 29-30 поверхів ЖК «Silver Breeze»", "lat": 50.42875, "log": 30.59458 }, "geometry": { "type": "Point", "coordinates": [ 30.59458, 50.42875 ] } },
{ "type": "Feature", "properties": { "num": "29", "date_time": "6 червня 2025 ~04:30 (UTC+3)", "place": "Солом'янський р-н, вул. В. Гетьмана, 2-А[371][372][373]", "wapen": "Дрон-камікадзе", "die": "3 пожежних-рятувальників", "injure": "16", "damage": null, "lat": 50.45217, "log": 30.44433 }, "geometry": { "type": "Point", "coordinates": [ 30.44433, 50.45217 ] } },
{ "type": "Feature", "properties": { "num": "30", "date_time": "10 червня 2025 ~03:30 (UTC+3)", "place": "Оболонський р-н, вул. Марка Вовчка, 8[374][375]", "wapen": "Дрон-камікадзе", "die": "1 особа", "injure": "—", "damage": "Пошкоджено історичну садибу другої половини XIX – початку XX століття", "lat": 50.49567, "log": 30.47089 }, "geometry": { "type": "Point", "coordinates": [ 30.47089, 50.49567 ] } },
{ "type": "Feature", "properties": { "num": "1", "date_time": "2 січня 2024 ~06:00 (UTC+2)", "place": "Оболонський р-н, перетин вул. С. Скляренка та пров. Балтійського[185][186]", "wapen": null, "die": "—", "injure": null, "damage": "34 автомобілі, 2 автосалони та ТРЦ «Baltic Sky» (докладніше)", "lat": 50.49622, "log": 30.46517 }, "geometry": { "type": "Point", "coordinates": [ 30.46517, 50.49622 ] } },
{ "type": "Feature", "properties": { "num": "2", "date_time": "2 січня 2024 ~07:00 (UTC+2)", "place": "Солом'янський р-н, вул. Мокра, 7[187]", "wapen": null, "die": "3 особи[188]", "injure": "54", "damage": "Житловий будинок 111-96 та садибні будинки (докладніше)", "lat": 50.43172, "log": 30.48878 }, "geometry": { "type": "Point", "coordinates": [ 30.48878, 50.43172 ] } },
{ "type": "Feature", "properties": { "num": "3", "date_time": "2 січня 2024 ~07:00 (UTC+2)", "place": "Дарницький р-н, 3-й пров. Дружби, 13[190]", "wapen": null, "die": "—", "injure": "—", "damage": "Храм ВСЦ ЄХБ «Вознесіння» та садибні будинки (докладніше)", "lat": 50.37839, "log": 30.69928 }, "geometry": { "type": "Point", "coordinates": [ 30.69928, 50.37839 ] } },
{ "type": "Feature", "properties": { "num": "4", "date_time": "2 січня 2024 ~07:00 (UTC+2)", "place": "Дніпровський р-н, Русанівська протока[191][192]", "wapen": "Балістична ракета 9М723 (Х-47М2) «Кинджал»", "die": "—", "injure": "—", "damage": null, "lat": 50.45944, "log": 30.57947 }, "geometry": { "type": "Point", "coordinates": [ 30.57947, 50.45944 ] } },
{ "type": "Feature", "properties": { "num": "5", "date_time": "2 січня 2024 ~07:00 (UTC+2)", "place": "Шевченківський р-н, Бабин Яр[193][194]", "wapen": "Балістична ракета 9М723 (Х-47М2) «Кинджал»", "die": "—", "injure": "—", "damage": "Житловий будинок 1у-438А-41 (докладніше)", "lat": 50.48006, "log": 30.45494 }, "geometry": { "type": "Point", "coordinates": [ 30.45494, 50.48006 ] } },
{ "type": "Feature", "properties": { "num": "6", "date_time": "2 січня 2024", "place": "Оболонський р-н, вул. Сім'ї Кульженків[195]", "wapen": null, "die": "—", "injure": null, "damage": "Склад будматеріалів (докладніше)", "lat": 50.50133, "log": 30.47181 }, "geometry": { "type": "Point", "coordinates": [ 30.47181, 50.50133 ] } },
{ "type": "Feature", "properties": { "num": "7", "date_time": "2 січня 2024", "place": "Дарницький р-н, вул. Автопаркова, 7[196]", "wapen": null, "die": "—", "injure": null, "damage": "Складські будівлі (докладніше)", "lat": 50.39536, "log": 30.68378 }, "geometry": { "type": "Point", "coordinates": [ 30.68378, 50.39536 ] } },
{ "type": "Feature", "properties": { "num": "8", "date_time": "23 січня 2024 ~7:10 (UTC+2)", "place": "Солом'янський р-н, пров. Стадіонний, 10/2[197]", "wapen": "Крилата ракета", "die": "1 особа", "injure": "8", "damage": "Спортивний комплекс Укрзалізниці «Локомотив» (докладніше)", "lat": 50.438, "log": 30.48175 }, "geometry": { "type": "Point", "coordinates": [ 30.48175, 50.438 ] } },
{ "type": "Feature", "properties": { "num": "9", "date_time": "23 січня 2024 ~7:10 (UTC+2)", "place": "Святошинський р-н, вул. І. Дзюби, 6[199][200]", "wapen": "Крилата ракета", "die": "—", "injure": "1", "damage": "Житловий будинок 1-480-15вкп (докладніше)", "lat": 50.42399, "log": 30.39199 }, "geometry": { "type": "Point", "coordinates": [ 30.39199, 50.42399 ] } },
{ "type": "Feature", "properties": { "num": "10", "date_time": "23 січня 2024 ~7:10 (UTC+2)", "place": "Святошинський р-н, вул. Литвиненко-Вольгемут, 1-В[199]", "wapen": "Не здетонована бойова частина крилатої ракети 3М14 (Х-101)", "die": "—", "injure": "3", "damage": "(докладніше)", "lat": 50.42083, "log": 30.37831 }, "geometry": { "type": "Point", "coordinates": [ 30.37831, 50.42083 ] } },
{ "type": "Feature", "properties": { "num": "11", "date_time": "7 лютого 2024 ~7:50 (UTC+2)", "place": "Голосіївський р-н, вул. Академіка Заболотного, 62[201]", "wapen": "Крилата ракета Х-101/Х-555/Х-55", "die": "6 осіб", "injure": "39", "damage": "Житловий будинок КТ-14п (докладніше)", "lat": 50.36386, "log": 30.46178 }, "geometry": { "type": "Point", "coordinates": [ 30.46178, 50.36386 ] } },
{ "type": "Feature", "properties": { "num": "12", "date_time": "7 лютого 2024 ~7:50 (UTC+2)", "place": "Голосіївський р-н, вул. Академіка Заболотного, 3[206]", "wapen": "Крилата ракета Х-101/Х-555/Х-55", "die": "—", "injure": null, "damage": "Гаражі Укрдорзв'язок та близько 40 авто (докладніше)", "lat": 50.36739, "log": 30.46489 }, "geometry": { "type": "Point", "coordinates": [ 30.46489, 50.36739 ] } },
{ "type": "Feature", "properties": { "num": "13", "date_time": "7 лютого 2024 ~7:50 (UTC+2)", "place": "Дніпровський р-н, вул. Г. Хоткевича [207]", "wapen": "Крилата ракета 3М22 «Циркон»[208]", "die": "—", "injure": null, "damage": "Лінія електропередачі (докладніше)", "lat": 50.45656, "log": 30.63286 }, "geometry": { "type": "Point", "coordinates": [ 30.63286, 50.45656 ] } },
{ "type": "Feature", "properties": { "num": "14", "date_time": "21 березня 2024 ~5:00 (UTC+2)", "place": "Святошинський р-н, вул. Нагірна, 8/32[210]", "wapen": "Крилата ракета", "die": "—", "injure": "10", "damage": "Будинок працівників «Укркабель» та церква святого Миколая «Пам'яті жертв Чорнобиля» (докладніше)", "lat": 50.47492, "log": 30.47847 }, "geometry": { "type": "Point", "coordinates": [ 30.47847, 50.47492 ] } },
{ "type": "Feature", "properties": { "num": "15", "date_time": "21 березня 2024 ~5:00 (UTC+2)", "place": "Святошинський р-н, вул. Академіка Доброхотова[211][212]", "wapen": "Крилата ракета", "die": "—", "injure": "7", "damage": "(докладніше)", "lat": 50.46353, "log": 30.35789 }, "geometry": { "type": "Point", "coordinates": [ 30.35789, 50.46353 ] } },
{ "type": "Feature", "properties": { "num": "16", "date_time": "21 березня 2024 ~5:00 (UTC+2)", "place": "Шевченківський р-н, вул. Південна, 12-Г[213]", "wapen": "Крилата ракета", "die": "—", "injure": "—", "damage": "П'ять автівок (докладніше)", "lat": 50.48264, "log": 30.39772 }, "geometry": { "type": "Point", "coordinates": [ 30.39772, 50.48264 ] } },
{ "type": "Feature", "properties": { "num": "17", "date_time": "21 березня 2024 ~5:00 (UTC+2)", "place": "Подільський р-н, вул. Кирилівська, 82[214][215]", "wapen": "Крилата ракета", "die": "—", "injure": "—", "damage": "Автівки та склад інтернет-магазину «ROZETKA» (докладніше)", "lat": 50.47672, "log": 30.49233 }, "geometry": { "type": "Point", "coordinates": [ 30.49233, 50.47672 ] } },
{ "type": "Feature", "properties": { "num": "18", "date_time": "25 березня 2024 ~10:30 (UTC+2)", "place": "Печерський р-н, вул. М. Бойчука, 32[216]", "wapen": "Крилата ракета «Циркон»", "die": "—", "injure": "10", "damage": "Навчальний корпус КДАДПМД ім. М. Бойчука", "lat": 50.40928, "log": 30.55025 }, "geometry": { "type": "Point", "coordinates": [ 30.55025, 50.40928 ] } },
{ "type": "Feature", "properties": { "num": "19", "date_time": "30 червня 2024 ~19:30 (UTC+3)", "place": "Оболонський р-н, просп. В. Івасюка, 59-А[218]", "wapen": "Крилата ракета 9М728 «Іскандер-К»", "die": "—", "injure": "6", "damage": "Житловий будинок 87-107", "lat": 50.52433, "log": 30.51317 }, "geometry": { "type": "Point", "coordinates": [ 30.51317, 50.52433 ] } },
{ "type": "Feature", "properties": { "num": "20", "date_time": "8 липня 2024 ~10:30 (UTC+3)", "place": "Солом'янський р-н, вул. Ушинського, 40[219]", "wapen": "Ракета", "die": "7 осіб", "injure": "9", "damage": "Бізнес-парк «Домініон» (докладніше)", "lat": 50.42317, "log": 30.44117 }, "geometry": { "type": "Point", "coordinates": [ 30.44117, 50.42317 ] } },
{ "type": "Feature", "properties": { "num": "21", "date_time": "8 липня 2024 ~10:30 (UTC+3)", "place": "Шевченківський р-н, вул. В. Сальського, 19[224]", "wapen": "Ракета", "die": "13 осіб (з них 5 дітей)", "injure": "25", "damage": "Житловий будинок 1-480-30 (докладніше)", "lat": 50.47861, "log": 30.43658 }, "geometry": { "type": "Point", "coordinates": [ 30.43658, 50.47861 ] } },
{ "type": "Feature", "properties": { "num": "22", "date_time": "8 липня 2024 ~10:40 (UTC+3)", "place": "Шевченківський р-н, вул. Ю. Іллєнка, 2/10[228][229]", "wapen": "Балістичні ракети", "die": "2 особи", "injure": "3", "damage": "БЦ «Лук'янівський», станція метрополітену «Лукянівська», ринок «Лукянівський» та ДАХК «Артем»&КБ «ЛУЧ» (докладніше)", "lat": 50.46333, "log": 30.48283 }, "geometry": { "type": "Point", "coordinates": [ 30.48283, 50.46333 ] } },
{ "type": "Feature", "properties": { "num": "23", "date_time": "8 липня 2024 ~10:42 (UTC+3)", "place": "Шевченківський р-н, вул. В. Чорновола, 28/1[228][229]", "wapen": "Крилата ракета 3М14 (Х-101)[232]", "die": "2 особи", "injure": "32", "damage": "Дитяча лікарня «Охматдит» (докладніше)", "lat": 50.45058, "log": 30.48186 }, "geometry": { "type": "Point", "coordinates": [ 30.48186, 50.45058 ] } },
{ "type": "Feature", "properties": { "num": "24", "date_time": "8 липня 2024 ~13:10 (UTC+3)", "place": "Дніпровський р-н, вул. Р. Окіпної, 8-В[235]", "wapen": "Ракета", "die": "9 осіб", "injure": "5", "damage": "Медичний центр «Адоніс» (докладніше)", "lat": 50.44892, "log": 30.588 }, "geometry": { "type": "Point", "coordinates": [ 30.588, 50.44892 ] } },
{ "type": "Feature", "properties": { "num": "25", "date_time": "8 липня 2024", "place": "Голосіївський р-н, пров. Л. Ященка[239]", "wapen": "Ракета", "die": "—", "injure": "22", "damage": "Житловий будинок 1-480-15кп та дошкільний навчальний заклад № 440", "lat": 50.39099, "log": 30.49406 }, "geometry": { "type": "Point", "coordinates": [ 30.49406, 50.39099 ] } },
{ "type": "Feature", "properties": { "num": "26", "date_time": "2 вересня 2024 ~05:20 (UTC+3)", "place": "Голосіївський р-н, вул. Фрометівська, 2[240]", "wapen": "Крилата ракета 3М14 (Х-101)", "die": "—", "injure": "3", "damage": "Часткова руйнація котельні та спортзалу МАУП", "lat": 50.41008, "log": 30.512 }, "geometry": { "type": "Point", "coordinates": [ 30.512, 50.41008 ] } },
{ "type": "Feature", "properties": { "num": "27", "date_time": "2 вересня 2024 ~05:20 (UTC+3)", "place": "Святошинський р-н, вул. Берестейський, 67[240][241][242]", "wapen": "Ракета", "die": "—", "injure": null, "damage": "Нежитлова будівля та будівля ісламського культурного центру АМУ/ДУМАРК у м. Києві", "lat": 50.45625, "log": 30.40589 }, "geometry": { "type": "Point", "coordinates": [ 30.40589, 50.45625 ] } },
{ "type": "Feature", "properties": { "num": "29", "date_time": "19 жовтня 2024 02:41–06:06 (UTC+3)", "place": "Дарницький р-н, вул. Дніпровська набережна, 19[244]", "wapen": "Дрон-камікадзе", "die": "—", "injure": "1", "damage": "Пошкоджено декілька автомобілів, фасади кількох багатоквартирних будинків, балкони, вибиті вікна, незначні пошкодження зазнало приміщення одного з ресторанів", "lat": 50.40789, "log": 30.61219 }, "geometry": { "type": "Point", "coordinates": [ 30.61219, 50.40789 ] } },
{ "type": "Feature", "properties": { "num": "31", "date_time": "25 жовтня 2024 ~21:00 (UTC+3)", "place": "Солом'янський р-н, вул. Західна, 12[246][247][248]", "wapen": "Дрон-камікадзе Shahed 131/136", "die": "1 дитина", "injure": "6", "damage": "Пошкоджено квартири з 17 по 21 поверхи ЖК «Гарматна-Західна», пожежа в одній з квартир на 20-му поверсі", "lat": 50.44425, "log": 30.43281 }, "geometry": { "type": "Point", "coordinates": [ 30.43281, 50.44425 ] } },
{ "type": "Feature", "properties": { "num": "32", "date_time": "29 жовтня 2024 ~04:29 (UTC+2)", "place": "Солом'янський р-н, б-р Чоколівський, 3[250]", "wapen": "Дрон-камікадзе", "die": "—", "injure": "6", "damage": "Розгерметизація газової труби на фасадній частині житлового будинку архітектора Катка Л. Б., займання крамниці та трьох припаркованих автомобілів", "lat": 50.42681, "log": 30.45808 }, "geometry": { "type": "Point", "coordinates": [ 30.45808, 50.42681 ] } },
{ "type": "Feature", "properties": { "num": "34", "date_time": "30 жовтня 2024 ~03:36 (UTC+2)", "place": "Солом'янський р-н, вул. Ушинського, 18[252][253]", "wapen": "Дрон-камікадзе", "die": "—", "injure": "9", "damage": "Пожежа у кількох помешканнях житлового будинку 1-464А-20, пошкоджена будівля Єврейської школи-дитячого садка «Перлина»", "lat": 50.43219, "log": 30.44742 }, "geometry": { "type": "Point", "coordinates": [ 30.44742, 50.43219 ] } },
{ "type": "Feature", "properties": { "num": "35", "date_time": "31 жовтня 2024 02:02–04:19 (UTC+2)", "place": "Подільський р-н, вул. В. Некрасова[254]", "wapen": "Дрон-камікадзе", "die": "—", "injure": "—", "damage": "Пошкодження анкерної опори високовольтної ЛЕП, вікон у двох житлових будинках 1-480-15к та одній адміністративній будівлі, загорання трав'яного настилу на площі приблизно 50 м²", "lat": 50.49064, "log": 30.41094 }, "geometry": { "type": "Point", "coordinates": [ 30.41094, 50.49064 ] } },
{ "type": "Feature", "properties": { "num": "37", "date_time": "2 листопада 2024 ~05:00 (UTC+2)", "place": "Святошинський р-н, вул. Я. Коласа, 4-А[255]", "wapen": "Дрон-камікадзе", "die": "—", "injure": "2", "damage": "Пожежа на двох верхніх поверхах в житловому будинку Т-4 на площі 50 м²", "lat": 50.43378, "log": 30.37547 }, "geometry": { "type": "Point", "coordinates": [ 30.37547, 50.43378 ] } },
{ "type": "Feature", "properties": { "num": "38", "date_time": "2 листопада 2024 ~05:00 (UTC+2)", "place": "Шевченківський р-н, вул. Митрофана Довнар-Запольського, 7/9[256]", "wapen": "Дрон-камікадзе", "die": "—", "injure": "—", "damage": "Загорання між 3 та 4 поверхами недіючої офісної будівлі на площі 2 м²", "lat": 50.45942, "log": 30.47292 }, "geometry": { "type": "Point", "coordinates": [ 30.47292, 50.45942 ] } },
{ "type": "Feature", "properties": { "num": "39", "date_time": "3 листопада 2024 ~05:00 (UTC+2)", "place": "Шевченківський р-н, вул. Ю. Іллєнка[257]", "wapen": "Дрон-камікадзе", "die": "—", "injure": "—", "damage": "Пошкоджено дорожнє покриття, опора освітлення та електродроти, щонайменше у п'яти будівлях вибуховою хвилею розбите скління вікон, у тому числі в офісній будівлі UNIT.City з 1-го по 9-го поверхи та на 1–2 поверхах гуртожитку №24 КНУ ім.Тараса Шевченка", "lat": 50.47092, "log": 30.465 }, "geometry": { "type": "Point", "coordinates": [ 30.465, 50.47092 ] } },
{ "type": "Feature", "properties": { "num": "40", "date_time": "7 листопада 2024 ~01:00 (UTC+2)", "place": "Голосіївський р-н, просп. Науки[258][259]", "wapen": "Дрон-камікадзе", "die": "—", "injure": "—", "damage": "Пожежа на території гаражів та розташованої поруч КК «Київавтодор» на загальній площі 200 м², пошкодження автотехніки", "lat": 50.38139, "log": 30.53567 }, "geometry": { "type": "Point", "coordinates": [ 30.53567, 50.38139 ] } },
{ "type": "Feature", "properties": { "num": "41", "date_time": "7 листопада 2024 ~05:00 (UTC+2)", "place": "Печерський р-н, вул. Л. Первомайського, 7-В[260]", "wapen": "Дрон-камікадзе", "die": "—", "injure": "—", "damage": "Пожежа ресторану на верхньому поверсі ЖК Jack House на площі 50 м², часткове руйнування будівельних конструкцій технічного поверху", "lat": 50.4345, "log": 30.53214 }, "geometry": { "type": "Point", "coordinates": [ 30.53214, 50.4345 ] } },
{ "type": "Feature", "properties": { "num": "42", "date_time": "7 листопада 2024 ~05:00 (UTC+2)", "place": "Солом'янський р-н, вул. Мокра, 9[261][262]", "wapen": "Дрон-камікадзе", "die": "—", "injure": "1", "damage": "Пожежа в клініці клітинної терапії на площі 20 м²", "lat": 50.42994, "log": 30.48886 }, "geometry": { "type": "Point", "coordinates": [ 30.48886, 50.42994 ] } },
{ "type": "Feature", "properties": { "num": "43", "date_time": "7 листопада 2024 ~05:00 (UTC+2)", "place": "Солом'янський р-н, вул. Волинська, 34/1[263]", "wapen": "Дрон-камікадзе", "die": "—", "injure": "1", "damage": "Пожежа на складських будівлях Волинської оптової бази на площі 600 м²", "lat": 50.42161, "log": 30.44436 }, "geometry": { "type": "Point", "coordinates": [ 30.44436, 50.42161 ] } },
{ "type": "Feature", "properties": { "num": "44", "date_time": "16 листопада 2024 01:19–04:06 (UTC+2)", "place": "Оболонський р-н, вул. Героїв Дніпра, 42[264]", "wapen": "Дрон-камікадзе", "die": "—", "injure": "—", "damage": "Пошкодження вікон та перил лоджії житлового будинку Т-1", "lat": 50.52197, "log": 30.50972 }, "geometry": { "type": "Point", "coordinates": [ 30.50972, 50.52197 ] } },
{ "type": "Feature", "properties": { "num": "45", "date_time": "17 листопада 2024 ~06:00 (UTC+2)", "place": "Печерський р-н, вул. М. Бойчука, 18[265]", "wapen": "Крилата ракета", "die": "—", "injure": "2", "damage": "Загорання покрівлі житлового будинку 1-438-9, часткове руйнування покрівлі та горищного перекриття (докладніше)", "lat": 50.41311, "log": 30.54858 }, "geometry": { "type": "Point", "coordinates": [ 30.54858, 50.41311 ] } },
{ "type": "Feature", "properties": { "num": "46", "date_time": "27 листопада 2024 01:39–03:25 (UTC+2)", "place": "Дніпровський р-н, Венеційська протока[266]", "wapen": "Дрон-камікадзе", "die": "—", "injure": "2", "damage": "Пошкодження плавучого будинку", "lat": 50.44736, "log": 30.57028 }, "geometry": { "type": "Point", "coordinates": [ 30.57028, 50.44736 ] } },
{ "type": "Feature", "properties": { "num": "48", "date_time": "28 листопада 2024 ~23:20 (UTC+2)", "place": "Дніпровський р-н, вул. Ентузіастів, 13-А[269][270]", "wapen": "Дрон-камікадзе", "die": "—", "injure": "2", "damage": "Пошкодження скління вікон та фасадних частин (з займанням) Амбулаторії ЗПСМ № 2 КНП ЦПМСД «Русанівка» / Дитячої поліклініки мережі ПСЛ «Русанівка» та трьох багатоповерхових житлових будинків навколо, зламані дерева у дворі медзакладу (докладніше)", "lat": 50.43839, "log": 30.60344 }, "geometry": { "type": "Point", "coordinates": [ 30.60344, 50.43839 ] } },
{ "type": "Feature", "properties": { "num": "49", "date_time": "20 грудня 2024 ~07:10 (UTC+2)", "place": "Голосіївський р-н, пров. Б. Шахліна", "wapen": "Балістична ракета 9М723 (Х-47М2) «Кинджал» або з ОТРК «Іскандер-М»/KN-23", "die": "1 особа", "injure": "13", "damage": "Руйнація на 15-му поверсі спільного українсько-канадського БФК «Торонто–Київ», вирва на дорожньому покритті, пошкоджено тепломагістраль, газову трубу з подальшою розгерметизацією, фасад будівель поряд, зокрема костела Святого Миколая, Управління «А» ЦСО СБУ, дипломатичний будинок тощо, загорілося 5 автомобілів (докладніше)", "lat": 50.42683, "log": 30.51433 }, "geometry": { "type": "Point", "coordinates": [ 30.51433, 50.42683 ] } },
{ "type": "Feature", "properties": { "num": "50", "date_time": "20 грудня 2024 ~07:10 (UTC+2)", "place": "Шевченківський р-н, вул. Ю. Іллєнка[277][278]", "wapen": "Балістична ракета", "die": "—", "injure": "—", "damage": "БЦ «Лук'янівський»", "lat": 50.46235025, "log": 30.48135245 }, "geometry": { "type": "Point", "coordinates": [ 30.481352451140065, 50.462350252192408 ] } },
{ "type": "Feature", "properties": { "num": "2", "date_time": "2 січня 2023 ~01:00 (UTC+2)", "place": null, "wapen": "Уламки ударного БпЛА Shahed 131/136", "die": "—", "injure": "1", "damage": "Житловий будинок 111-96", "lat": 50.509528, "log": 30.597972 }, "geometry": { "type": "Point", "coordinates": [ 30.597972, 50.509528 ] } },
{ "type": "Feature", "properties": { "num": "3", "date_time": "14 січня 2023 ~09:35 (UTC+2)", "place": null, "wapen": "Уламки ЗКР С-300 та С-400", "die": "—", "injure": "—", "damage": "Нежитлові будівлі, Національний музей народної архітектури та побуту України (докладніше)", "lat": 50.352417, "log": 30.521861 }, "geometry": { "type": "Point", "coordinates": [ 30.521861, 50.352417 ] } },
{ "type": "Feature", "properties": { "num": "4", "date_time": "26 січня 2023 ~10:00 (UTC+2)", "place": null, "wapen": "Уламки ракети", "die": "1 особа", "injure": "2", "damage": "Пункту прийому металобрухту (докладніше)", "lat": 50.394111, "log": 30.562111 }, "geometry": { "type": "Point", "coordinates": [ 30.562111, 50.394111 ] } },
{ "type": "Feature", "properties": { "num": "6", "date_time": "9 березня 2023 ~05:50 (UTC+2)", "place": null, "wapen": "2 крилаті ракети Х-101/Х-555 та/або аеробалістична ракета Х-47М2 «Кинджал»", "die": "—", "injure": "—", "damage": "Машинна зала Київської теплоелектроцентралі № 5 (докладніше)", "lat": 50.392861, "log": 30.568583 }, "geometry": { "type": "Point", "coordinates": [ 30.568583, 50.392861 ] } },
{ "type": "Feature", "properties": { "num": "7", "date_time": "9 березня 2023 ~07:14 (UTC+2)", "place": null, "wapen": "Уламки ракети", "die": "—", "injure": "3", "damage": "Автівки на відкритій автостоянці ДП «УкрНДНЦ» (докладніше)", "lat": 50.456111, "log": 30.385056 }, "geometry": { "type": "Point", "coordinates": [ 30.385056, 50.456111 ] } },
{ "type": "Feature", "properties": { "num": "8", "date_time": "27 березня 2023 ~23:30 (UTC+2)", "place": null, "wapen": "Уламки ударного БпЛА Shahed 131/136", "die": "—", "injure": "—", "damage": "ТЦ «Керамік Сіті»", "lat": 50.472861, "log": 30.34875 }, "geometry": { "type": "Point", "coordinates": [ 30.34875, 50.472861 ] } },
{ "type": "Feature", "properties": { "num": "9", "date_time": "4 травня 2023 ~20:00 (UTC+3)", "place": null, "wapen": "Уламки ударного БпЛА", "die": "—", "injure": "—", "damage": "Торгово-офісна будівля", "lat": 50.43625, "log": 30.491111 }, "geometry": { "type": "Point", "coordinates": [ 30.491111, 50.43625 ] } },
{ "type": "Feature", "properties": { "num": "10", "date_time": "8 травня 2023 ~01:40 (UTC+3)", "place": null, "wapen": "Баражуючий боєприпас Shahed 131/136", "die": "—", "injure": "5", "damage": "ЖК «Парковий»", "lat": 50.425167, "log": 30.382889 }, "geometry": { "type": "Point", "coordinates": [ 30.382889, 50.425167 ] } },
{ "type": "Feature", "properties": { "num": "12", "date_time": "8 травня 2023 ~02:15 (UTC+3)", "place": null, "wapen": "Баражуючий боєприпас Shahed 131/136", "die": "—", "injure": "—", "damage": "Гімназія № 154 м. Києва, ЖК «Нивки-Парк»", "lat": 50.457694, "log": 30.412611 }, "geometry": { "type": "Point", "coordinates": [ 30.412611, 50.457694 ] } },
{ "type": "Feature", "properties": { "num": "15", "date_time": "18 травня 2023 ~06:25 (UTC+3)", "place": null, "wapen": "Уламки крилатої ракети Х-101/Х-555", "die": "—", "injure": "—", "damage": "Гаражний кооператив «Позняки»", "lat": 50.410833, "log": 30.609611 }, "geometry": { "type": "Point", "coordinates": [ 30.609611, 50.410833 ] } },
{ "type": "Feature", "properties": { "num": "16", "date_time": "20 травня 2023 ~01:20 (UTC+3)", "place": null, "wapen": "Баражуючий боєприпас Shahed 131/136", "die": "—", "injure": "—", "damage": "ЖК «Комфорт Таун»", "lat": 50.4355, "log": 30.620111 }, "geometry": { "type": "Point", "coordinates": [ 30.620111, 50.4355 ] } },
{ "type": "Feature", "properties": { "num": "17", "date_time": "20 травня 2023 вночі", "place": null, "wapen": "Баражуючий боєприпас Shahed 131/136", "die": "—", "injure": "—", "damage": "ЖК «Урлівський-2»", "lat": 50.417167, "log": 30.608194 }, "geometry": { "type": "Point", "coordinates": [ 30.608194, 50.417167 ] } },
{ "type": "Feature", "properties": { "num": "19", "date_time": "28 травня 2023 ~02:00 (UTC+3)", "place": null, "wapen": "Баражуючий боєприпас Shahed 131/136", "die": "—", "injure": "—", "damage": "Житловий будинок 1-438-5 (докладніше)", "lat": 50.415389, "log": 30.547611 }, "geometry": { "type": "Point", "coordinates": [ 30.547611, 50.415389 ] } },
{ "type": "Feature", "properties": { "num": "20", "date_time": "28 травня 2023 01:08 — 06:22 (UTC+3)", "place": null, "wapen": "Баражуючий боєприпас Shahed 131/136", "die": "—", "injure": "—", "damage": "Тютюнова фабрика Imperial Brands, ТРЦ (докладніше)", "lat": 50.342944, "log": 30.538556 }, "geometry": { "type": "Point", "coordinates": [ 30.538556, 50.342944 ] } },
{ "type": "Feature", "properties": { "num": "21", "date_time": "28 травня 2023 01:08 — 06:22 (UTC+3)", "place": null, "wapen": "Баражуючий боєприпас Shahed 131/136", "die": "1 особа", "injure": "2", "damage": "Українське товариство сліпих[138] (докладніше)", "lat": 50.407972, "log": 30.505611 }, "geometry": { "type": "Point", "coordinates": [ 30.505611, 50.407972 ] } },
{ "type": "Feature", "properties": { "num": "23", "date_time": "29 травня 2023 ~11:30 (UTC+3)", "place": null, "wapen": "Уламки крилатої ракети", "die": "—", "injure": "—", "damage": null, "lat": 50.489278, "log": 30.498056 }, "geometry": { "type": "Point", "coordinates": [ 30.498056, 50.489278 ] } },
{ "type": "Feature", "properties": { "num": "24", "date_time": "29 травня 2023", "place": null, "wapen": "Ракета", "die": "—", "injure": "—", "damage": "Гаванський міст", "lat": 50.471444, "log": 30.526917 }, "geometry": { "type": "Point", "coordinates": [ 30.526917, 50.471444 ] } },
{ "type": "Feature", "properties": { "num": "25", "date_time": "30 травня 2023 ~03:15 (UTC+3)", "place": null, "wapen": "Уламки баражуючого боєприпасу Shahed 131/136", "die": "1 особа[145]", "injure": "9", "damage": "ЖК «Сонячний»", "lat": 50.397361, "log": 30.530556 }, "geometry": { "type": "Point", "coordinates": [ 30.530556, 50.397361 ] } },
{ "type": "Feature", "properties": { "num": "26", "date_time": "1 червня 2023 ~03:00 (UTC+3)", "place": null, "wapen": "Балістична ракета з ОТРК «Іскандер-М»", "die": "3 особи (з них 1 дитина)[148]", "injure": "16", "damage": "Амбулаторія ЗПСМ № 7 КНП «ЦПМСД № 3»", "lat": 50.476611, "log": 30.630778 }, "geometry": { "type": "Point", "coordinates": [ 30.630778, 50.476611 ] } },
{ "type": "Feature", "properties": { "num": "27", "date_time": "1 червня 2023 02:49 — 04:03 (UTC+3)", "place": null, "wapen": null, "die": "—", "injure": "2", "damage": "Адмінбудівля, ЖК «Дніпровська Мрія»", "lat": 50.441722, "log": 30.631806 }, "geometry": { "type": "Point", "coordinates": [ 30.631806, 50.441722 ] } },
{ "type": "Feature", "properties": { "num": "28", "date_time": "24 червня 2023 ~03:00 (UTC+3)", "place": null, "wapen": "Крилата ракета Х-101/Х-555", "die": "5 осіб", "injure": "11", "damage": "ЖК «Династія»", "lat": 50.430278, "log": 30.479 }, "geometry": { "type": "Point", "coordinates": [ 30.479, 50.430278 ] } },
{ "type": "Feature", "properties": { "num": "29", "date_time": "13 липня 2023 ~01:30 (UTC+3)", "place": null, "wapen": "Баражуючий боєприпас Shahed 131/136", "die": "—", "injure": "2", "damage": "ЖК «Славутич»[161]", "lat": 50.395139, "log": 30.603389 }, "geometry": { "type": "Point", "coordinates": [ 30.603389, 50.395139 ] } },
{ "type": "Feature", "properties": { "num": "30", "date_time": "2 серпня 2023 ~03:00 (UTC+3)", "place": null, "wapen": "Баражуючий боєприпас Shahed 131/136", "die": "—", "injure": "—", "damage": "Держспецзв'язку", "lat": 50.425778, "log": 30.477389 }, "geometry": { "type": "Point", "coordinates": [ 30.477389, 50.425778 ] } },
{ "type": "Feature", "properties": { "num": "31", "date_time": "30 серпня 2023 ~05:00 (UTC+3)", "place": null, "wapen": "Уламки крилатої ракети Х-101/Х-555/Х-55", "die": "—", "injure": "—", "damage": "ТЦ «Auchan Rive Gauche»", "lat": 50.419444, "log": 30.631833 }, "geometry": { "type": "Point", "coordinates": [ 30.631833, 50.419444 ] } },
{ "type": "Feature", "properties": { "num": "32", "date_time": "30 серпня 2023 ~05:00 (UTC+3)", "place": null, "wapen": "28 ракет повітряного базування типу Х-101/Х-555/Х-55 та 15 із 16 ударних БпЛА типу Shahed-136/131", "die": "2 особи", "injure": "3", "damage": "Нежитлові будівлі", "lat": 50.47675, "log": 30.449306 }, "geometry": { "type": "Point", "coordinates": [ 30.449306, 50.47675 ] } },
{ "type": "Feature", "properties": { "num": "33", "date_time": "21 вересня 2023 ~06:00 (UTC+3)", "place": null, "wapen": "Крилата ракета Х-101/Х-555/Х-55", "die": "—", "injure": "7", "damage": "СТО", "lat": 50.432611, "log": 30.671889 }, "geometry": { "type": "Point", "coordinates": [ 30.671889, 50.432611 ] } },
{ "type": "Feature", "properties": { "num": "34", "date_time": "21 вересня 2023 ~06:00 (UTC+3)", "place": null, "wapen": "Уламки крилатої ракети Х-101/Х-555", "die": null, "injure": "—", "damage": "—", "lat": 50.465722, "log": 30.484611 }, "geometry": { "type": "Point", "coordinates": [ 30.484611, 50.465722 ] } },
{ "type": "Feature", "properties": { "num": "35", "date_time": "25 листопада 2023 02:37 — 08:45 (UTC+2)", "place": null, "wapen": "Дрон-камікадзе Shahed 131/136", "die": "—", "injure": "5", "damage": "Дошкільний навчальний заклад (ясла-садок) № 295", "lat": 50.428667, "log": 30.427333 }, "geometry": { "type": "Point", "coordinates": [ 30.427333, 50.428667 ] } },
{ "type": "Feature", "properties": { "num": "35", "date_time": "25 листопада 2023 02:37 — 08:45 (UTC+2)", "place": null, "wapen": "Уламки дрона-камікадзе Shahed 131/136", "die": "—", "injure": "—", "damage": "Патріарший собор Воскресіння Христового", "lat": 50.452444, "log": 30.587 }, "geometry": { "type": "Point", "coordinates": [ 30.587, 50.452444 ] } },
{ "type": "Feature", "properties": { "num": "36", "date_time": "11 грудня 2023 ~04:15 (UTC+2)", "place": null, "wapen": "ЗКР С-300 або балістична ракета з ОТРК «Іскандер-М»", "die": "—", "injure": "4", "damage": "42 садибні будинки[172]", "lat": 50.384667, "log": 30.681583 }, "geometry": { "type": "Point", "coordinates": [ 30.681583, 50.384667 ] } },
{ "type": "Feature", "properties": { "num": "37", "date_time": "13 грудня 2023 ~03:00 (UTC+2)", "place": null, "wapen": "ЗКР 48Н6 з С-400 або балістична ракета з ОТРК «Іскандер-М»", "die": "—", "injure": "53", "damage": "Автомобілі, ДНЗ № 655 та житловий будинок[en] 1-464А-51", "lat": 50.482611, "log": 30.608333 }, "geometry": { "type": "Point", "coordinates": [ 30.608333, 50.482611 ] } },
{ "type": "Feature", "properties": { "num": "38", "date_time": "13 грудня 2023 ~03:00 (UTC+2)", "place": null, "wapen": "Уламки ракет", "die": "—", "injure": "—", "damage": "ЖК «Urban park»", "lat": 50.462944, "log": 30.65 }, "geometry": { "type": "Point", "coordinates": [ 30.65, 50.462944 ] } },
{ "type": "Feature", "properties": { "num": "39", "date_time": "22 грудня 2023 ~00:00 (UTC+2)", "place": null, "wapen": "Дрон-камікадзе Shahed 131/136", "die": "—", "injure": "2", "damage": "ЖК «Олександрівський»", "lat": 50.422194, "log": 30.462667 }, "geometry": { "type": "Point", "coordinates": [ 30.462667, 50.422194 ] } },
{ "type": "Feature", "properties": { "num": "41", "date_time": "29 грудня 2023 ~07:00 (UTC+2)", "place": null, "wapen": null, "die": null, "injure": null, "damage": "Складська будівля «Dnipro-M» (докладніше)", "lat": 50.48025, "log": 30.484139 }, "geometry": { "type": "Point", "coordinates": [ 30.484139, 50.48025 ] } },
{ "type": "Feature", "properties": { "num": "42", "date_time": "29 грудня 2023 ~07:00 (UTC+2)", "place": null, "wapen": null, "die": "—", "injure": "1", "damage": "Автівки на стихійній автостоянці (докладніше)", "lat": 50.466333, "log": 30.345444 }, "geometry": { "type": "Point", "coordinates": [ 30.345444, 50.466333 ] } },
{ "type": "Feature", "properties": { "num": "1", "date_time": "24 лютого 2022 ~5:30 (UTC+2)", "place": "Голосіївський р-н, вул. Васильківська, 3[14][15]", "wapen": "Фрагментами авіаційної протирадіолокаційної ракети Х-31П", "die": "—", "injure": "—", "damage": "Білборд (докладніше)", "lat": 50.39647222, "log": 30.50575 }, "geometry": { "type": "Point", "coordinates": [ 30.50575, 50.396472222222201 ] } },
{ "type": "Feature", "properties": { "num": "2", "date_time": "24 лютого 2022 ~6:00 (UTC+2)", "place": "Деснянський р-н, просп. Броварський, 23-А[16][17]", "wapen": null, "die": null, "injure": null, "damage": "Адміністративні будівлі військової частини (докладніше)", "lat": 50.49194444, "log": 30.7355 }, "geometry": { "type": "Point", "coordinates": [ 30.7355, 50.4919444444444 ] } },
{ "type": "Feature", "properties": { "num": "3", "date_time": "24 лютого 2022 ~12:00", "place": "Подільський р-н, вул. Електриків, 33/4[18]", "wapen": null, "die": null, "injure": null, "damage": "ГУР МО (докладніше)", "lat": 50.47072222, "log": 30.52844444 }, "geometry": { "type": "Point", "coordinates": [ 30.5284444444444, 50.4707222222222 ] } },
{ "type": "Feature", "properties": { "num": "4", "date_time": "25 лютого 2022 ~5:00 (UTC+2)", "place": "Дарницький р-н, вул. О. Кошиця, 7[19]", "wapen": "Уламки крилатої ракети", "die": "—", "injure": "4", "damage": "2 суміжні житлові будинки 111-96 та 16-ти поверхівка", "lat": 50.40536111, "log": 30.64497222 }, "geometry": { "type": "Point", "coordinates": [ 30.644972222222201, 50.405361111111098 ] } },
{ "type": "Feature", "properties": { "num": "5", "date_time": "25 лютого 2022 ~5:00 (UTC+2)", "place": "Дарницький р-н, Садове товариство «Нижні сади» (Садова 60-та, 116) на Осокорках[20][21]", "wapen": "Фрагменти літака", "die": null, "injure": null, "damage": "Двоповерховий садовий будинок", "lat": 50.37861111, "log": 30.61988889 }, "geometry": { "type": "Point", "coordinates": [ 30.619888888888902, 50.378611111111098 ] } },
{ "type": "Feature", "properties": { "num": "6", "date_time": "26 лютого 2022 ~8:00 (UTC+2)", "place": "Солом'янський р-н, просп. В. Лобановського, 6-А[22]", "wapen": "Ракета системи «повітря-земля»", "die": "2 особи", "injure": "6", "damage": "ЖК «Червонозоряний»", "lat": 50.42261111, "log": 30.46530556 }, "geometry": { "type": "Point", "coordinates": [ 30.465305555555599, 50.422611111111102 ] } },
{ "type": "Feature", "properties": { "num": "7", "date_time": "26 лютого 2022 ~8:00 (UTC+2)", "place": "Солом'янський р-н, вул. Волинська, 69[23]", "wapen": null, "die": "2 особи", "injure": "—", "damage": "Складські будівлі", "lat": 50.416, "log": 30.43969444 }, "geometry": { "type": "Point", "coordinates": [ 30.439694444444399, 50.416 ] } },
{ "type": "Feature", "properties": { "num": "8", "date_time": "27 лютого 2022 ~1:00 (UTC+2)", "place": "Голосіївський р-н, вул. Комунальна, 1[24]", "wapen": null, "die": "—", "injure": "—", "damage": "Пункт поховання радіоактивних відходів", "lat": 50.3325, "log": 30.50988889 }, "geometry": { "type": "Point", "coordinates": [ 30.509888888888899, 50.3325 ] } },
{ "type": "Feature", "properties": { "num": "9", "date_time": "27 лютого 2022 ~9:00 (UTC+2)", "place": "Деснянський р-н, вул. М. Лаврухіна, 7-А[25]", "wapen": "Артилерійський снаряд", "die": "—", "injure": null, "damage": "7 автомобілів та житловий будинок КТ-16", "lat": 50.5155, "log": 30.59838889 }, "geometry": { "type": "Point", "coordinates": [ 30.598388888888898, 50.5155 ] } },
{ "type": "Feature", "properties": { "num": "10", "date_time": "1 березня 2022 ~17:00 (UTC+2)", "place": "Шевченківський р-н, вул. Дорогожицька, 10[26]", "wapen": "3 авіаційні ракети", "die": "5 осіб", "injure": "5", "damage": "Київська телевежа, спорткомплекс «Авангард» та автівки", "lat": 50.47119444, "log": 30.4535 }, "geometry": { "type": "Point", "coordinates": [ 30.4535, 50.4711944444444 ] } },
{ "type": "Feature", "properties": { "num": "11", "date_time": "2 березня 2022 ~21:00 (UTC+2)", "place": "Солом'янський р-н, вул. Січеславська, 4-А[27]", "wapen": "Авіаційна ракета", "die": "—", "injure": "1", "damage": "Тепломережа біля Південного вокзалу", "lat": 50.43980556, "log": 30.48611111 }, "geometry": { "type": "Point", "coordinates": [ 30.4861111111111, 50.439805555555601 ] } },
{ "type": "Feature", "properties": { "num": "12", "date_time": "12 березня 2022 ~6:00 (UTC+2)", "place": "Подільський р-н, вул. Хорива, 25/12[28]", "wapen": "Дрон-камікадзе «Куб-БЛА»", "die": "—", "injure": "—", "damage": "Торгово-офісна будівля", "lat": 50.46688889, "log": 30.51611111 }, "geometry": { "type": "Point", "coordinates": [ 30.516111111111101, 50.466888888888903 ] } },
{ "type": "Feature", "properties": { "num": "13", "date_time": "12 березня 2022 ~7:00 (UTC+2)", "place": "Подільський р-н, вул. Синьоозерна, 1[28]", "wapen": "Артилерійський снаряд", "die": "—", "injure": "—", "damage": "2 бокси в гаражному комплексі", "lat": 50.50011111, "log": 30.36561111 }, "geometry": { "type": "Point", "coordinates": [ 30.3656111111111, 50.500111111111103 ] } },
{ "type": "Feature", "properties": { "num": "14", "date_time": "13 березня 2022 ~14:00 (UTC+2)", "place": "Оболонський р-н, вул. Міська, 2[29]", "wapen": "2 артилерійські снаряди", "die": null, "injure": null, "damage": "Пуща-Водицький психоневрологічний інтернат", "lat": 50.52461111, "log": 30.36730556 }, "geometry": { "type": "Point", "coordinates": [ 30.3673055555556, 50.524611111111099 ] } },
{ "type": "Feature", "properties": { "num": "15", "date_time": "14 березня 2022 ~5:00 (UTC+2)", "place": "Оболонський р-н, вул. Богатирська, 20[30][31]", "wapen": null, "die": "2 особи", "injure": "12", "damage": "Житловий будинок 1-464А-51", "lat": 50.52261111, "log": 30.48638889 }, "geometry": { "type": "Point", "coordinates": [ 30.4863888888889, 50.522611111111097 ] } },
{ "type": "Feature", "properties": { "num": "16", "date_time": "14 березня 2022 ~5:00 (UTC+2)", "place": "Святошинський р-н, вул. Академіка Туполєва, 1[32]", "wapen": "3 ракети", "die": null, "injure": null, "damage": "Серійний завод «Антонов»", "lat": 50.4625, "log": 30.39011111 }, "geometry": { "type": "Point", "coordinates": [ 30.3901111111111, 50.4625 ] } },
{ "type": "Feature", "properties": { "num": "17", "date_time": "14 березня 2022 ~11:00 (UTC+2)", "place": "Подільський р-н, вул. Кирилівська, 115/1[33]", "wapen": "Уламки авіаційної ракети", "die": "1 особа", "injure": "6", "damage": "Тролейбус та житловий будинок 1-438-6", "lat": 50.48869444, "log": 30.46761111 }, "geometry": { "type": "Point", "coordinates": [ 30.467611111111101, 50.488694444444398 ] } },
{ "type": "Feature", "properties": { "num": "18", "date_time": "14 березня 2022 ~18:00 (UTC+2)", "place": "Святошинський р-н, вул. Берковецька, 6-Д[34]", "wapen": "Артилерійський снаряд", "die": "—", "injure": "—", "damage": "ТРЦ «Lavina»", "lat": 50.4955, "log": 30.35788889 }, "geometry": { "type": "Point", "coordinates": [ 30.357888888888901, 50.4955 ] } },
{ "type": "Feature", "properties": { "num": "19", "date_time": "15 березня 2022 ~4:00 (UTC+2)", "place": "Святошинський р-н, вул. М. Котельникова, 80[35]", "wapen": null, "die": null, "injure": null, "damage": "Житловий будинок 1-318-35/66", "lat": 50.45088889, "log": 30.35580556 }, "geometry": { "type": "Point", "coordinates": [ 30.355805555555602, 50.450888888888898 ] } },
{ "type": "Feature", "properties": { "num": "20", "date_time": "15 березня 2022 ~4:00 (UTC+2)", "place": "Святошинський р-н, вул. Чорнобильська, 9-А[36][37]", "wapen": null, "die": "5 осіб", "injure": "5", "damage": "Житловий будинок БПС-6", "lat": 50.45780556, "log": 30.34361111 }, "geometry": { "type": "Point", "coordinates": [ 30.343611111111102, 50.457805555555602 ] } },
{ "type": "Feature", "properties": { "num": "21", "date_time": "15 березня 2022 ~5:00 (UTC+2)", "place": "Подільський р-н, вул. Мостицька, 26[38]", "wapen": "Артилерійський снаряд", "die": "—", "injure": "1", "damage": "Житловий будинок 111-96", "lat": 50.50188889, "log": 30.44680556 }, "geometry": { "type": "Point", "coordinates": [ 30.446805555555599, 50.501888888888899 ] } },
{ "type": "Feature", "properties": { "num": "22", "date_time": "15 березня 2022 ~5:00 (UTC+2)", "place": "Шевченківський р-н, вул. Ю. Іллєнка, 2/10[35]", "wapen": "Ракета", "die": "—", "injure": "—", "damage": "БЦ «Лук'янівський», станція метрополітену «Лукянівська», ринок «Лукянівський» та ДАХК «Артем»&КБ «ЛУЧ»", "lat": 50.46138889, "log": 30.48388889 }, "geometry": { "type": "Point", "coordinates": [ 30.483888888888899, 50.461388888888898 ] } },
{ "type": "Feature", "properties": { "num": "24", "date_time": "16 березня 2022 ~6:00 (UTC+2)", "place": "Шевченківський р-н, вул. Б. Гаврилишина, 4[40]", "wapen": "Артилерійський снаряд", "die": "—", "injure": "2", "damage": "Житловий будинок II-68", "lat": 50.45230556, "log": 30.46811111 }, "geometry": { "type": "Point", "coordinates": [ 30.468111111111099, 50.452305555555597 ] } },
{ "type": "Feature", "properties": { "num": "25", "date_time": "16 березня 2022 ~17:00 (UTC+2)", "place": "Святошинський р-н, Садове товариство «Дружба» (Лінія 5-та, 86) на Берковцях[42]", "wapen": "Артилерійський снаряд", "die": "—", "injure": "—", "damage": "Двоповерхові садові будинки", "lat": 50.5005, "log": 30.38680556 }, "geometry": { "type": "Point", "coordinates": [ 30.3868055555556, 50.5005 ] } },
{ "type": "Feature", "properties": { "num": "26", "date_time": "17 березня 2022 ~5:00 (UTC+2)", "place": "Дарницький р-н, вул. С. Крушельницької, 3-А[43][44]", "wapen": "Залишки збитої ракети", "die": "1 особа", "injure": "3", "damage": "Житловий будинок Т-4", "lat": 50.39361111, "log": 30.64 }, "geometry": { "type": "Point", "coordinates": [ 30.64, 50.393611111111099 ] } },
{ "type": "Feature", "properties": { "num": "27", "date_time": "17 березня 2022 ~17:00 (UTC+2)", "place": "Святошинський р-н, вул. Берковецька, 1[45]", "wapen": "Артилерійський снаряд", "die": "2 особи", "injure": "—", "damage": "Київський велосипедний завод «Ardis»", "lat": 50.49611111, "log": 30.36711111 }, "geometry": { "type": "Point", "coordinates": [ 30.3671111111111, 50.496111111111098 ] } },
{ "type": "Feature", "properties": { "num": "28", "date_time": "18 березня 2022 ~8:00 (UTC+2)", "place": "Подільський р-н, просп. Свободи, 10[46][47]", "wapen": "Залишки збитої ракети", "die": "1 особа", "injure": "19", "damage": "6 житлових будинків 1-438 та 1-480, дитсадок № 435 та гімназія № 34 «Либідь» імені Віктора Максименка", "lat": 50.50969444, "log": 30.43169444 }, "geometry": { "type": "Point", "coordinates": [ 30.4316944444444, 50.509694444444399 ] } },
{ "type": "Feature", "properties": { "num": "29", "date_time": "18 березня 2022 ~17:00 (UTC+2)", "place": "Святошинський р-н, Садове товариство «Зоря» (Садова 20-та, 93) на Берковцях[48]", "wapen": "Артилерійський снаряд", "die": "—", "injure": "—", "damage": "Садові будинки", "lat": 50.48838889, "log": 30.36930556 }, "geometry": { "type": "Point", "coordinates": [ 30.369305555555599, 50.488388888888899 ] } },
{ "type": "Feature", "properties": { "num": "30", "date_time": "20 березня 2022 ~14:00 (UTC+2)", "place": "Святошинський р-н, вул. Ірпінська, 74[49][50]", "wapen": "Артилерійський снаряд", "die": "—", "injure": "5", "damage": "Житловий будинок 111-96", "lat": 50.46138889, "log": 30.3485 }, "geometry": { "type": "Point", "coordinates": [ 30.3485, 50.461388888888898 ] } },
{ "type": "Feature", "properties": { "num": "31", "date_time": "20 березня 2022 ~22:46 (UTC+2)", "place": "Подільський р-н, просп. Правди, 47[51]", "wapen": "Аеробалістична ракета типу 9-С-7760 гіперзвукового авіаційного ракетного комплексу Х-47М2 «Кинджал»", "die": "12 осіб, ДФТГ м. Києва «Мрія»[52]", "injure": "1", "damage": "Спорткомплекс «Sport Life» при ТРБЦ «Retroville» (докладніше)", "lat": 50.5025, "log": 30.41713889 }, "geometry": { "type": "Point", "coordinates": [ 30.4171388888889, 50.5025 ] } },
{ "type": "Feature", "properties": { "num": "32", "date_time": "22 березня 2022 ~13:00 (UTC+2)", "place": "Оболонський р-н, вул. Добринінська, 5-А[53][54]", "wapen": null, "die": "1 особа", "injure": "3", "damage": "2 промислові будівлі, вантажівка", "lat": 50.50038889, "log": 30.46661111 }, "geometry": { "type": "Point", "coordinates": [ 30.466611111111099, 50.500388888888899 ] } },
{ "type": "Feature", "properties": { "num": "33", "date_time": "23 березня 2022 ~7:00 (UTC+2)", "place": "Шевченківський р-н, вул. Салютна, 2[55][56]", "wapen": "РСЗВ «Град»", "die": "—", "injure": "4", "damage": "ЖК «Файна Таун», побутівка", "lat": 50.4705, "log": 30.4015 }, "geometry": { "type": "Point", "coordinates": [ 30.4015, 50.4705 ] } },
{ "type": "Feature", "properties": { "num": "34", "date_time": "23 березня 2022 ~7:00 (UTC+2)", "place": "Шевченківський р-н, вул. Черняховського, 61[55]", "wapen": "РСЗВ «Град»", "die": "—", "injure": "—", "damage": "Присадибний гараж", "lat": 50.46819444, "log": 30.40788889 }, "geometry": { "type": "Point", "coordinates": [ 30.407888888888898, 50.4681944444444 ] } },
{ "type": "Feature", "properties": { "num": "35", "date_time": "23 березня 2022", "place": "Подільський р-н, просп. Правди, 47[57]", "wapen": "Мінометна міна", "die": "2 особи", "injure": "2", "damage": "Автівки на прилеглій відкритій автостоянці ТРБЦ «Retroville» (докладніше)", "lat": 50.50472222, "log": 30.41766667 }, "geometry": { "type": "Point", "coordinates": [ 30.417666666666701, 50.504722222222199 ] } },
{ "type": "Feature", "properties": { "num": "36", "date_time": "24 березня 2022 ~12:00 (UTC+2)", "place": "Оболонський р-н, Садове товариство «Оболонь» (Лінія 7-ма, 40) в районі Селища ДВС[58]", "wapen": "Артилерійський снаряд", "die": "—", "injure": "—", "damage": "Двоповерховий садовий будинок", "lat": 50.55211111, "log": 30.47288889 }, "geometry": { "type": "Point", "coordinates": [ 30.4728888888889, 50.552111111111103 ] } },
{ "type": "Feature", "properties": { "num": "38", "date_time": "березня 2022", "place": "Оболонський р-н, вул. Квітки Цісик, 38, корп. 7[60]", "wapen": null, "die": null, "injure": null, "damage": "Державна пожежно-рятувальна частина № 10", "lat": 50.54019444, "log": 30.35569444 }, "geometry": { "type": "Point", "coordinates": [ 30.355694444444399, 50.540194444444502 ] } },
{ "type": "Feature", "properties": { "num": "39", "date_time": "28 квітня 2022 ~20:30 (UTC+3)", "place": "Шевченківський р-н, вул. Глибочицька, 13, корп. 7[62][63]", "wapen": "2 крилаті ракети Х-101", "die": "1 особа", "injure": "10", "damage": "ЖК «Львівський квартал», ДАХК «Артем»&КБ «ЛУЧ»", "lat": 50.46261111, "log": 30.48719444 }, "geometry": { "type": "Point", "coordinates": [ 30.487194444444398, 50.462611111111102 ] } },
{ "type": "Feature", "properties": { "num": "40", "date_time": "5 червня 2022 ~6:00 (UTC+3)", "place": "Дніпровський р-н, вул. Алматинська, 74[65][66]", "wapen": "4 крилаті ракети Х-22", "die": "—", "injure": "1", "damage": "Дарницький вагоноремонтний завод", "lat": 50.44769444, "log": 30.68533333 }, "geometry": { "type": "Point", "coordinates": [ 30.6853333333333, 50.447694444444402 ] } },
{ "type": "Feature", "properties": { "num": "41", "date_time": "5 червня 2022 ~6:00 (UTC+3)", "place": "Дарницький р-н, вул. Бориспільська, 34-А[67]", "wapen": "Крилата ракета Х-22", "die": "—", "injure": "—", "damage": "Військовий об'єкт", "lat": 50.42166667, "log": 30.69786111 }, "geometry": { "type": "Point", "coordinates": [ 30.697861111111099, 50.421666666666702 ] } },
{ "type": "Feature", "properties": { "num": "42", "date_time": "26 червня 2022 ~6:20 (UTC+3)", "place": "Шевченківський р-н, вул. Глибочицька, 13, корп. 3[68]", "wapen": "Крилата ракета Х-101", "die": "1 особа", "injure": "6", "damage": "ЖК «Львівський квартал»", "lat": 50.46236111, "log": 30.48733333 }, "geometry": { "type": "Point", "coordinates": [ 30.4873333333333, 50.4623611111111 ] } },
{ "type": "Feature", "properties": { "num": "43", "date_time": "26 червня 2022 ~6:20 (UTC+3)", "place": "Шевченківський р-н, вул. Половецька, 49[69]", "wapen": "Крилата ракета Х-101", "die": "—", "injure": "—", "damage": "Дитячий садок «Happy Time»", "lat": 50.46452778, "log": 30.48438889 }, "geometry": { "type": "Point", "coordinates": [ 30.484388888888901, 50.464527777777803 ] } },
{ "type": "Feature", "properties": { "num": "44", "date_time": "10 жовтня 2022 ~8:15 (UTC+3)", "place": "Святошинський р-н, вул. Відпочинку, 9-А[70]", "wapen": "Ракета", "die": "—", "injure": "3", "damage": "Святошинський дитячий будинок-інтернат та Святошинський психоневрологічний інтернат для жінок (докладніше)", "lat": 50.44861111, "log": 30.37102778 }, "geometry": { "type": "Point", "coordinates": [ 30.371027777777801, 50.448611111111099 ] } },
{ "type": "Feature", "properties": { "num": "45", "date_time": "10 жовтня 2022 ~8:18 (UTC+3)", "place": "Подільський р-н, Володимирський узвіз, 4[71]", "wapen": "Ракета", "die": "—", "injure": "—", "damage": "Поряд із пішохідно-велосипедним мостом через Володимирський узвіз (докладніше)", "lat": 50.45497222, "log": 30.52827778 }, "geometry": { "type": "Point", "coordinates": [ 30.528277777777799, 50.454972222222203 ] } },
{ "type": "Feature", "properties": { "num": "46", "date_time": "10 жовтня 2022 ~8:18 (UTC+3)", "place": "Шевченківський р-н, перетин б-ру Тараса Шевченка та вул. Володимирської[72][73]", "wapen": "Ракета", "die": "7 осіб", "injure": "31", "damage": "(докладніше)", "lat": 50.44366667, "log": 30.5125 }, "geometry": { "type": "Point", "coordinates": [ 30.5125, 50.443666666666701 ] } },
{ "type": "Feature", "properties": { "num": "47", "date_time": "10 жовтня 2022 ~8:18 (UTC+3)", "place": "Шевченківський р-н, вул. Терещенківська, 10[74][75]", "wapen": "Ракета", "die": "—", "injure": "—", "damage": "Дитячий майданчик в парку ім. Тараса Шевченка (докладніше)", "lat": 50.44175, "log": 30.51397222 }, "geometry": { "type": "Point", "coordinates": [ 30.513972222222201, 50.44175 ] } },
{ "type": "Feature", "properties": { "num": "48", "date_time": "10 жовтня 2022 ~9:30 (UTC+3)", "place": "Голосіївський р-н, вул. Гетьмана П. Скоропадського, 57[76]", "wapen": "Ракета", "die": "—", "injure": "13", "damage": "Бізнес-центр «101 Tower» (докладніше)", "lat": 50.43944444, "log": 30.49672222 }, "geometry": { "type": "Point", "coordinates": [ 30.4967222222222, 50.439444444444398 ] } },
{ "type": "Feature", "properties": { "num": "49", "date_time": "10 жовтня 2022 ~9:30 (UTC+3)", "place": "Голосіївський р-н, вул. Промислова, 4[77]", "wapen": "Ракета", "die": "—", "injure": "—", "damage": "Київська теплоелектроцентраль № 5 (докладніше)", "lat": 50.39525, "log": 30.56747222 }, "geometry": { "type": "Point", "coordinates": [ 30.5674722222222, 50.39525 ] } },
{ "type": "Feature", "properties": { "num": "50", "date_time": "10 жовтня 2022 ~9:30 (UTC+3)", "place": "Голосіївський р-н, вул. Будіндустрії[77]", "wapen": "Ракета", "die": "—", "injure": "—", "damage": "Склад вторсировини (докладніше)", "lat": 50.39863889, "log": 30.58008333 }, "geometry": { "type": "Point", "coordinates": [ 30.580083333333299, 50.398638888888897 ] } },
{ "type": "Feature", "properties": { "num": "51", "date_time": "10 жовтня 2022 ~9:30 (UTC+3)", "place": "Деснянський р-н, вул. Пухівська, 1-А[77]", "wapen": "Ракета", "die": "—", "injure": "1", "damage": "Київська теплоелектроцентраль № 6 (докладніше)", "lat": 50.534, "log": 30.66186111 }, "geometry": { "type": "Point", "coordinates": [ 30.661861111111101, 50.534 ] } },
{ "type": "Feature", "properties": { "num": "52", "date_time": "17 жовтня 2022 ~6:37 (UTC+3)", "place": "Шевченківський р-н, вул. Жилянська, 27[78]", "wapen": "Дрон-камікадзе Shahed 131/136", "die": "—", "injure": "—", "damage": "Адмінбудівля НЕК «Укренерго» (докладніше)", "lat": 50.44161111, "log": 30.49558333 }, "geometry": { "type": "Point", "coordinates": [ 30.4955833333333, 50.441611111111101 ] } },
{ "type": "Feature", "properties": { "num": "53", "date_time": "17 жовтня 2022 ~8:15 (UTC+3)", "place": "Шевченківський р-н, вул. Жилянська, 116-А[79]", "wapen": "Дрон-камікадзе Shahed 131/136", "die": "5 осіб[80]", "injure": "4", "damage": "Дореволюційний багатоквартирний будинок (докладніше)", "lat": 50.44172222, "log": 30.49661111 }, "geometry": { "type": "Point", "coordinates": [ 30.4966111111111, 50.441722222222197 ] } },
{ "type": "Feature", "properties": { "num": "54", "date_time": "17 жовтня 2022 ~8:20 (UTC+3)", "place": "Солом'янський р-н, вул. Гетьмана П. Скоропадського[83]", "wapen": "Дрон-камікадзе Shahed 131/136", "die": "—", "injure": "—", "damage": "(докладніше)", "lat": 50.43747222, "log": 30.49319444 }, "geometry": { "type": "Point", "coordinates": [ 30.493194444444399, 50.437472222222198 ] } },
{ "type": "Feature", "properties": { "num": "55", "date_time": "18 жовтня 2022 ~9:00 (UTC+3)", "place": "Деснянський р-н, вул. Пухівська, 1-А[84]", "wapen": "3 крилаті ракети Х-101/Х-555[85]", "die": "3 співробітників комунальних служб[86]", "injure": null, "damage": "Київська теплоелектроцентраль № 6", "lat": 50.53444444, "log": 30.66416667 }, "geometry": { "type": "Point", "coordinates": [ 30.664166666666699, 50.534444444444397 ] } },
{ "type": "Feature", "properties": { "num": "56", "date_time": "15 листопада 2022 ~15:00 (UTC+2)", "place": "Печерський р-н, вул. Остапа Вишні, 7", "wapen": "3 крилаті ракети Х-101/Х-555 та/або «Калібр»[88]", "die": "1 особа[89]", "injure": null, "damage": "Житловий будинок-хрущовка (докладніше)", "lat": 50.41102778, "log": 30.53288889 }, "geometry": { "type": "Point", "coordinates": [ 30.532888888888898, 50.411027777777797 ] } },
{ "type": "Feature", "properties": { "num": "57", "date_time": "23 листопада 2022 12:46 —15:08 (UTC+2)[90]", "place": "Голосіївський р-н, вул. Будіндустрії, 2[91]", "wapen": null, "die": "3 особи (з них 1 дитина)[92]", "injure": "11[93]", "damage": "(докладніше)", "lat": 50.40316667, "log": 30.56616667 }, "geometry": { "type": "Point", "coordinates": [ 30.5661666666667, 50.403166666666699 ] } },
{ "type": "Feature", "properties": { "num": "58", "date_time": "14 грудня 2022 ~06:30 (UTC+2)", "place": "Шевченківський р-н, вул. Д. Щербаківського, 48-А[94]", "wapen": "Баражуючий боєприпас Shahed 131/136", "die": "—", "injure": "—", "damage": "СУФР ДПІ у Шевченківському районі ГУ ДФС у м. Києві", "lat": 50.46902778, "log": 30.40677778 }, "geometry": { "type": "Point", "coordinates": [ 30.406777777777801, 50.469027777777796 ] } },
{ "type": "Feature", "properties": { "num": "59", "date_time": "19 грудня 2022 ~05:00 (UTC+2)", "place": "Шевченківський р-н, вул. Стеценка, 1-А[95]", "wapen": "Баражуючий боєприпас Shahed 131/136", "die": "—", "injure": "—", "damage": "ПС 330/110/35/10 кВт «Нивки»", "lat": 50.47613889, "log": 30.40952778 }, "geometry": { "type": "Point", "coordinates": [ 30.4095277777778, 50.476138888888897 ] } },
{ "type": "Feature", "properties": { "num": "60", "date_time": "29 грудня 2022 ~09:00 (UTC+2)", "place": "Дарницький р-н, вул. Мостова, 56[96]", "wapen": "Крилата ракета", "die": "1 особа[97]", "injure": "3", "damage": "Садибні будинки (докладніше)", "lat": 50.36336111, "log": 30.68119444 }, "geometry": { "type": "Point", "coordinates": [ 30.6811944444445, 50.363361111111097 ] } },
{ "type": "Feature", "properties": { "num": "62", "date_time": "31 грудня 2022 ~14:00 (UTC+2)", "place": "Печерський р-н, вул. Предславинська, 35-Д[99]", "wapen": "Крилата ракета", "die": "—", "injure": "1", "damage": "Готель «Alfavito» (докладніше)", "lat": 50.4215, "log": 30.52319444 }, "geometry": { "type": "Point", "coordinates": [ 30.5231944444444, 50.4215 ] } },
{ "type": "Feature", "properties": { "num": "63", "date_time": "31 грудня 2022 12:49 —16:03 (UTC+2)", "place": "Голосіївський р-н, просп. Академіка Глушкова, 2[100]", "wapen": "Крилата ракета класу «повітря — земля»", "die": "—", "injure": "—", "damage": "Університетське містечко КНУ ім.Тараса Шевченка (докладніше)", "lat": 50.38375, "log": 30.47408333 }, "geometry": { "type": "Point", "coordinates": [ 30.474083333333301, 50.38375 ] } },
{ "type": "Feature", "properties": { "num": "64", "date_time": "31 грудня 2022 12:49 —16:03 (UTC+2)", "place": "Солом'янський р-н, вул. Докучаєвська, 19[101][102]", "wapen": "Крилата ракета класу «повітря — земля»", "die": "2 особи", "injure": "20", "damage": "Індивідуальні житлові будинки (докладніше)", "lat": 50.42705556, "log": 30.49808333 }, "geometry": { "type": "Point", "coordinates": [ 30.498083333333302, 50.427055555555498 ] } },
{ "type": "Feature", "properties": { "num": "28", "date_time": "7 травня 2025 ~04:30 (UTC+3)", "place": "Дніпровський р-н, вул. Дніпровська набережна, 1-А[384]", "wapen": "Дрон-камікадзе", "die": "—", "injure": "—", "damage": "Часткове руйнування парапету загального балкону на рівні 29–30 поверхів ЖК «Silver Breeze»", "lat": 50.42875, "log": 30.59458 }, "geometry": { "type": "Point", "coordinates": [ 30.59458, 50.42875 ] } },
{ "type": "Feature", "properties": { "num": "29", "date_time": "24 травня 2025 ~01:00 (UTC+3)", "place": "Оболонський р-н, вул. Героїв Дніпра, 42-Б[385]", "wapen": "Дрон-камікадзе", "die": "—", "injure": null, "damage": "Пожежа на 3–6 поверхах 9-поверхівки 111-96, пошкоджено балкони, скління вікон та 10 авто", "lat": 50.52067, "log": 30.51017 }, "geometry": { "type": "Point", "coordinates": [ 30.51017, 50.52067 ] } },
{ "type": "Feature", "properties": { "num": "30", "date_time": "24 травня 2025 ~01:00 (UTC+3)", "place": "Солом'янський р-н, вул. Метробудівська, 18[386][387]", "wapen": "Дрон-камікадзе", "die": "—", "injure": null, "damage": "Загоряння на 4–5 поверхах житлової п'ятиповерхівки", "lat": 50.43817, "log": 30.41333 }, "geometry": { "type": "Point", "coordinates": [ 30.41333, 50.43817 ] } },
{ "type": "Feature", "properties": { "num": "31", "date_time": "24 травня 2025 ~01:00 (UTC+3)", "place": "Оболонський р-н, просп. С. Бандери, 36[388]", "wapen": "Дрон-камікадзе", "die": "—", "injure": "—", "damage": "Пошкодження скляного куполу﻿ ТРЦ «Blockbuster Mall»", "lat": 50.48731, "log": 30.52161 }, "geometry": { "type": "Point", "coordinates": [ 30.52161, 50.48731 ] } },
{ "type": "Feature", "properties": { "num": "32", "date_time": "25 травня 2025 ~01:00 (UTC+3)", "place": "Голосіївський р-н, вул. Ю. Здановської, 61[389]", "wapen": "Дрон-камікадзе", "die": "—", "injure": "4", "damage": "Пошкодження гуртожитку № 7 КНУ ім. Тараса Шевченка, розгерметизація газової труби (докладніше)", "lat": 50.38747, "log": 30.47242 }, "geometry": { "type": "Point", "coordinates": [ 30.47242, 50.38747 ] } },
{ "type": "Feature", "properties": { "num": "34", "date_time": "25 травня 2025 ~02:00 (UTC+3)", "place": "Шевченкіський р-н, вул. Білоруська, 31[389]", "wapen": "Дрон-камікадзе", "die": "—", "injure": "6", "damage": "Пошкоджено житлову багатоповерхівку та Київський коледж мистецтв та дизайну (докладніше)", "lat": 50.46256, "log": 30.47842 }, "geometry": { "type": "Point", "coordinates": [ 30.47842, 50.46256 ] } },
{ "type": "Feature", "properties": { "num": "35", "date_time": "6 червня 2025 00:44–04:52 (UTC+3)", "place": "Голосіївський р-н, вул. Покільська, 4[395][396]", "wapen": "Дрон-камікадзе", "die": "—", "injure": "32", "damage": "Пожежа в ГБК «Печерський»", "lat": 50.38656, "log": 30.56658 }, "geometry": { "type": "Point", "coordinates": [ 30.56658, 50.38656 ] } },
{ "type": "Feature", "properties": { "num": "36", "date_time": "6 червня 2025 00:44–04:52 (UTC+3)", "place": "Дніпровський р-н, просп. Броварськи[397]", "wapen": "Дрон-камікадзе", "die": "—", "injure": null, "damage": "Пошкоджена колія та кабелі на перегоні метрополітену між станціями «Дарниця» та «Лівобережна» (червона лінія)", "lat": 50.45308, "log": 30.60592 }, "geometry": { "type": "Point", "coordinates": [ 30.60592, 50.45308 ] } },
{ "type": "Feature", "properties": { "num": "37", "date_time": "6 червня 2025 00:44–04:52 (UTC+3)", "place": "Солом'янський р-н, вул. Освіти, 14-А[398][399]", "wapen": "Дрон-камікадзе", "die": "—", "injure": null, "damage": "Загоряння на 11-му поверсі 16-поверхового житлового будинку, пошкодження бібліотеки ім. Сковороди", "lat": 50.42417, "log": 30.46639 }, "geometry": { "type": "Point", "coordinates": [ 30.46639, 50.42417 ] } },
{ "type": "Feature", "properties": { "num": "38", "date_time": "6 червня 2025 ~04:30 (UTC+3)", "place": "Солом'янський р-н, вул. В. Гетьмана, 2-А[400][401][402][403][404]", "wapen": "Повторний удар дрона-камікадзе", "die": "3 пожежні-рятувальники", "injure": null, "damage": "Зруйновано історичний будинок Якова Гретера", "lat": 50.45217, "log": 30.44433 }, "geometry": { "type": "Point", "coordinates": [ 30.44433, 50.45217 ] } },
{ "type": "Feature", "properties": { "num": "39", "date_time": "10 червня 2025 00:02–05:09 (UTC+3)", "place": "Голосіївський р-н, вул. Короленківська, 4[407]", "wapen": "Дрон-камікадзе", "die": "—", "injure": "4", "damage": "Пошкоджено БЦ «Gradient»", "lat": 50.43261, "log": 30.50644 }, "geometry": { "type": "Point", "coordinates": [ 30.50644, 50.43261 ] } },
{ "type": "Feature", "properties": { "num": "40", "date_time": "10 червня 2025 00:02–05:09 (UTC+3)", "place": "Дарницький р-н, вул. Зрошувальна, 12[408]", "wapen": "Дрон-камікадзе", "die": "—", "injure": null, "damage": "Пошкоджено залізничне полотно та садибний будинок", "lat": 50.44272, "log": 30.67797 }, "geometry": { "type": "Point", "coordinates": [ 30.67797, 50.44272 ] } },
{ "type": "Feature", "properties": { "num": "41", "date_time": "10 червня 2025 00:02–05:09 (UTC+3)", "place": "Дарницький р-н, вул. Поліська, 6[408]", "wapen": "Дрон-камікадзе", "die": "—", "injure": null, "damage": "Пошкоджено двоповерховий житловий будинок", "lat": 50.42186, "log": 30.688 }, "geometry": { "type": "Point", "coordinates": [ 30.688, 50.42186 ] } },
{ "type": "Feature", "properties": { "num": "42", "date_time": "10 червня 2025 00:02–05:09 (UTC+3)", "place": "Оболонський р-н, пров. Балтійський, 3[407]", "wapen": "Дрон-камікадзе", "die": "—", "injure": null, "damage": "Пошкодження нижніх поверхів ЖК «Навігатор»", "lat": 50.49722, "log": 30.46789 }, "geometry": { "type": "Point", "coordinates": [ 30.46789, 50.49722 ] } },
{ "type": "Feature", "properties": { "num": "43", "date_time": "10 червня 2025 00:02–05:09 (UTC+3)", "place": "Оболонський р-н, вул. Марка Вовчка, 8[409][410][411][412]", "wapen": "Дрон-камікадзе", "die": "1 особа", "injure": null, "damage": "Пошкоджено історичну садибу другої половини XIX – початку XX століття, знищено склади та СТО", "lat": 50.49567, "log": 30.47089 }, "geometry": { "type": "Point", "coordinates": [ 30.47089, 50.49567 ] } },
{ "type": "Feature", "properties": { "num": "44", "date_time": "10 червня 2025 00:02–05:09 (UTC+3)", "place": "Оболонський р-н, пров. Куренівський, 4[407][413][414]", "wapen": "Дрон-камікадзе", "die": "—", "injure": null, "damage": "Пошкоджені приміщення і техніка «Київавтодору» та склад-магазин", "lat": 50.49253, "log": 30.47281 }, "geometry": { "type": "Point", "coordinates": [ 30.47281, 50.49253 ] } },
{ "type": "Feature", "properties": { "num": "45", "date_time": "10 червня 2025 00:02–05:09 (UTC+3)", "place": "Оболонський р-н, пров. Куренівський, 17[415][416]", "wapen": "Дрон-камікадзе", "die": "—", "injure": null, "damage": "Руйнування на території колишнього заводу «Полімер»", "lat": 50.49214, "log": 30.47447 }, "geometry": { "type": "Point", "coordinates": [ 30.47447, 50.49214 ] } },
{ "type": "Feature", "properties": { "num": "46", "date_time": "10 червня 2025 00:02–05:09 (UTC+3)", "place": "Подільський р-н, вул. Кирилівська, 103[417]", "wapen": "Дрон-камікадзе", "die": "—", "injure": null, "damage": "Пошкоджено стадіон «Спартак»", "lat": 50.48294, "log": 30.47422 }, "geometry": { "type": "Point", "coordinates": [ 30.47422, 50.48294 ] } },
{ "type": "Feature", "properties": { "num": "47", "date_time": "10 червня 2025 00:02–05:09 (UTC+3)", "place": "Солом'янський р-н, вул. Митрополита В. Липківського, 26", "wapen": "Дрон-камікадзе", "die": "—", "injure": null, "damage": "Пошкоджено дах житлової 16-поверхівки БПС-6", "lat": 50.4335, "log": 30.48142 }, "geometry": { "type": "Point", "coordinates": [ 30.48142, 50.4335 ] } },
{ "type": "Feature", "properties": { "num": "48", "date_time": "10 червня 2025 00:02–05:09 (UTC+3)", "place": "Шевченкіський р-н, вул. Глибочицька, 4[418][407]", "wapen": "Дрон-камікадзе", "die": "—", "injure": null, "damage": "Пожежа в БЦ «Артем»", "lat": 50.46042, "log": 30.487 }, "geometry": { "type": "Point", "coordinates": [ 30.487, 50.46042 ] } },
{ "type": "Feature", "properties": { "num": "49", "date_time": "10 червня 2025 00:02–05:09 (UTC+3)", "place": "Шевченкіський р-н, вул. Ю. Іллєнка, 1", "wapen": "Дрон-камікадзе", "die": "—", "injure": null, "damage": "Пошкоджено Лук'янівський ринок", "lat": 50.46161, "log": 30.48297 }, "geometry": { "type": "Point", "coordinates": [ 30.48297, 50.46161 ] } },
{ "type": "Feature", "properties": { "num": "52", "date_time": "17 червня 2025 ~05:00 (UTC+3)", "place": "Дарницький р-н, вул. О. Пчілки, 2[421][422]", "wapen": "Дрон-камікадзе", "die": null, "injure": null, "damage": "Пошкодження на рівні 11–17 поверхів 22-поверхового житлового будинку", "lat": 50.41586, "log": 30.62553 }, "geometry": { "type": "Point", "coordinates": [ 30.62553, 50.41586 ] } },
{ "type": "Feature", "properties": { "num": "53", "date_time": "17 червня 2025 21:06–06:06 (UTC+3)", "place": "Дарницький р-н, сквер ім. П. Горянського[425][426]", "wapen": "Крилата ракета Х-101", "die": null, "injure": null, "damage": "Вибиті вікна в будівлях навколо, у т.ч. в храмі Святої великомучениці Катерини ПЦУ", "lat": 50.4295, "log": 30.66097 }, "geometry": { "type": "Point", "coordinates": [ 30.66097, 50.4295 ] } },
{ "type": "Feature", "properties": { "num": "54", "date_time": "17 червня 2025 21:06–06:06 (UTC+3)", "place": "Солом'янський р-н, б-р В. Гавела, 31[427]", "wapen": "Крилата ракета Х-101", "die": "23", "injure": null, "damage": "Зруйновано секцію житлового будинку 1-464", "lat": 50.44444, "log": 30.41372 }, "geometry": { "type": "Point", "coordinates": [ 30.41372, 50.44444 ] } },
{ "type": "Feature", "properties": { "num": "57", "date_time": "17 червня 2025 21:06–06:06 (UTC+3)", "place": "Солом'янський р-н, вул. М. Голего, 7-А[431]", "wapen": "Дрон-камікадзе", "die": "—", "injure": null, "damage": "Пошкоджено 4–5 поверхи гуртожитку № 10 КАІ, ще три (№№ 11–13) постраждали від вибухової хвилі", "lat": 50.438, "log": 30.44117 }, "geometry": { "type": "Point", "coordinates": [ 30.44117, 50.438 ] } },
{ "type": "Feature", "properties": { "num": "58", "date_time": "17 червня 2025 21:06–06:06 (UTC+3)", "place": "Шевченківський р-н, вул. Салютна, 1-А[427][432]", "wapen": "Крилата ракета Х-101", "die": "—", "injure": null, "damage": "Пошкоджено гуртожиток № 3 НУОЗ України ім. П. Л. Шупика та скління вікон у п'яти сусідніх будинках", "lat": 50.47342, "log": 30.40119 }, "geometry": { "type": "Point", "coordinates": [ 30.40119, 50.47342 ] } },
{ "type": "Feature", "properties": { "num": "59", "date_time": "17 червня 2025 21:06–06:06 (UTC+3)", "place": "Шевченківський р-н, вул. Я. Корчака, 25[427]", "wapen": "Крилата ракета Х-69, на території біля будинку виявлено її касетні елементи[433][434]", "die": "—", "injure": null, "damage": "Часткова руйнація 10–12 поверхів 15-поверхового житлового будинку з подальшим загоранням квартир", "lat": 50.46699, "log": 30.41653 }, "geometry": { "type": "Point", "coordinates": [ 30.41653, 50.46699 ] } },
{ "type": "Feature", "properties": { "num": "60", "date_time": "23 червня 2025 23:53–03:35 (UTC+3)", "place": "Святошинський р-н, пл. Чорнобаївська[435]", "wapen": "Дрон-камікадзе", "die": "—", "injure": null, "damage": "Знищений павільйон зупинки станції метро «Святошин»", "lat": 50.45794, "log": 30.38822 }, "geometry": { "type": "Point", "coordinates": [ 30.38822, 50.45794 ] } },
{ "type": "Feature", "properties": { "num": "61", "date_time": "23 червня 2025 23:53–03:35 (UTC+3)", "place": "Солом'янський р-н, вул. Польова, 24[438][439][440]", "wapen": "Дрон-камікадзе", "die": "—", "injure": null, "damage": "Пошкоджено бізнес-центр та спорткомплекс (№ 24) КПІ ім. Ігоря Сікорського", "lat": 50.443, "log": 30.45017 }, "geometry": { "type": "Point", "coordinates": [ 30.45017, 50.443 ] } },
{ "type": "Feature", "properties": { "num": "62", "date_time": "23 червня 2025 23:53–03:35 (UTC+3)", "place": "Солом'янський р-н/Шевченкіський р-н, просп. Берестейський[441]", "wapen": "Дрон-камікадзе", "die": "—", "injure": null, "damage": "Постраждали КНЕУ та складські будівлі ПКМЗ", "lat": 50.45611, "log": 30.4363 }, "geometry": { "type": "Point", "coordinates": [ 30.4363, 50.45611 ] } },
{ "type": "Feature", "properties": { "num": "63", "date_time": "23 червня 2025 23:53–03:35 (UTC+3)", "place": "Шевченкіський р-н, вул. І. Виговського, 3", "wapen": "Дрон-камікадзе", "die": "—", "injure": null, "damage": "Займання автівок, пошкодження офісної будівлі та автомийки", "lat": 50.48653, "log": 30.40561 }, "geometry": { "type": "Point", "coordinates": [ 30.40561, 50.48653 ] } },
{ "type": "Feature", "properties": { "num": "64", "date_time": "23 червня 2025 ~04:00 (UTC+3)", "place": "Шевченкіський р-н, вул. І. Гонти, 5 [442][443][444][445][446]", "wapen": "Балістична ракета «Іскандер-М»/KN-23 з фугасно-осколковою бойовою частиною[447]", "die": "9 осіб (з них 1 дитина)", "injure": null, "damage": "Зруйновано секцію житлового будинку 1-480-15вк", "lat": 50.465, "log": 30.44194 }, "geometry": { "type": "Point", "coordinates": [ 30.44194, 50.465 ] } },
{ "type": "Feature", "properties": { "num": "66", "date_time": "4 липня 2025 20:00–04:50 (UTC+3)", "place": "Святошинський р-н, просп. Л. Курбаса, 3-А[458][460]", "wapen": "Дрон-камікадзе", "die": "—", "injure": "Пошкоджено 2 та 3 поверхи 14-поверхового житлового будинку «Вежа Вулиха»", "damage": "Пошкоджено 2 та 3 поверхи 14-поверхового житлового будинку «Вежа Вулиха»", "lat": 50.43161, "log": 30.39622 }, "geometry": { "type": "Point", "coordinates": [ 30.39622, 50.43161 ] } },
{ "type": "Feature", "properties": { "num": "67", "date_time": "4 липня 2025 20:00–08:43 (UTC+3)", "place": "Святошинський р-н, вул. Пшенична, 2[461][462][463]", "wapen": "Дрон-камікадзе", "die": "1", "injure": "Пожежа на складських будівлях, пошкоджено ДПРЧ-18", "damage": "Пожежа на складських будівлях, пошкоджено ДПРЧ-18", "lat": 50.43056, "log": 30.39939 }, "geometry": { "type": "Point", "coordinates": [ 30.39939, 50.43056 ] } },
{ "type": "Feature", "properties": { "num": "68", "date_time": "4 липня 2025 20:00–08:43 (UTC+3)", "place": "Солом'янський р-н, просп. Відрадний, 36-В[458][467]", "wapen": null, "die": "—", "injure": "Пошкоджено Ліцей № 22 та автомобілі", "damage": null, "lat": 50.41864, "log": 30.42247 }, "geometry": { "type": "Point", "coordinates": [ 30.42247, 50.41864 ] } },
{ "type": "Feature", "properties": { "num": "69", "date_time": "4 липня 2025 20:00–08:43 (UTC+3)", "place": "Солом'янський р-н, просп. Відрадний, 40[458][467]", "wapen": null, "die": "—", "injure": "Пошкоджено житловий будинок 1-480-15кпм", "damage": null, "lat": 50.41697, "log": 30.42369 }, "geometry": { "type": "Point", "coordinates": [ 30.42369, 50.41697 ] } },
{ "type": "Feature", "properties": { "num": "29", "date_time": "24 травня 2025 ~01:00 (UTC+3)", "place": "Оболонський р-н, вул. Героїв Дніпра, 42-Б[94]", "wapen": "Дрон-камікадзе", "die": null, "injure": "14", "damage": "Пожежа на 3–6 поверхах 9-поверхівки 111-96, пошкоджено балкони, скління вікон та 10 авто", "lat": 50.520667, "log": 30.510167 }, "geometry": { "type": "Point", "coordinates": [ 30.510167, 50.520667 ] } },
{ "type": "Feature", "properties": { "num": "30", "date_time": "24 травня 2025 ~01:00 (UTC+3)", "place": "Солом'янський р-н, вул. Метробудівська, 18[95][96]", "wapen": "Дрон-камікадзе", "die": null, "injure": "—", "damage": "Загоряння на 4–5 поверхах житлової п'ятиповерхівки", "lat": 50.438167, "log": 30.413333 }, "geometry": { "type": "Point", "coordinates": [ 30.413333, 50.438167 ] } },
{ "type": "Feature", "properties": { "num": "31", "date_time": "24 травня 2025 ~01:00 (UTC+3)", "place": "Оболонський р-н, просп. С. Бандери, 36[97]", "wapen": "Дрон-камікадзе", "die": "—", "injure": "—", "damage": "Пошкодження скляного купола﻿[в інших мовах] ТРЦ «Blockbuster Mall»", "lat": 50.487306, "log": 30.521611 }, "geometry": { "type": "Point", "coordinates": [ 30.521611, 50.487306 ] } },
{ "type": "Feature", "properties": { "num": "32", "date_time": "25 травня 2025 ~01:00 (UTC+3)", "place": "Голосіївський р-н, вул. Ю. Здановської, 61[98]", "wapen": "Дрон-камікадзе", "die": "—", "injure": "4", "damage": "Пошкодження гуртожитку № 7 КНУ ім. Тараса Шевченка, розгерметизація газової труби", "lat": 50.387472, "log": 30.472417 }, "geometry": { "type": "Point", "coordinates": [ 30.472417, 50.387472 ] } },
{ "type": "Feature", "properties": { "num": "34", "date_time": "25 травня 2025 ~02:00 (UTC+3)", "place": "Шевченківський р-н, вул. Білоруська, 31[98]", "wapen": "Дрон-камікадзе", "die": "—", "injure": "6", "damage": "Пошкоджено житлову багатоповерхівку та Київський коледж мистецтв та дизайну", "lat": 50.462556, "log": 30.478417 }, "geometry": { "type": "Point", "coordinates": [ 30.478417, 50.462556 ] } },
{ "type": "Feature", "properties": { "num": "35", "date_time": "6 червня 2025 00:44–04:52 (UTC+3)", "place": "Голосіївський р-н, вул. Покільська, 4[105][106]", "wapen": "Дрон-камікадзе", "die": "—", "injure": "32", "damage": "Пожежа в ГБК «Печерський»", "lat": 50.386556, "log": 30.566583 }, "geometry": { "type": "Point", "coordinates": [ 30.566583, 50.386556 ] } },
{ "type": "Feature", "properties": { "num": "36", "date_time": "6 червня 2025 00:44–04:52 (UTC+3)", "place": "Дніпровський р-н, просп. Броварськи[107]", "wapen": "Дрон-камікадзе", "die": "—", "injure": null, "damage": "Пошкоджена колія та кабелі на перегоні метрополітену між станціями «Дарниця» та «Лівобережна» (червона лінія)", "lat": 50.454083, "log": 30.605917 }, "geometry": { "type": "Point", "coordinates": [ 30.605917, 50.454083 ] } },
{ "type": "Feature", "properties": { "num": "37", "date_time": "6 червня 2025 00:44–04:52 (UTC+3)", "place": "Солом'янський р-н, вул. Освіти, 14-А[108][109]", "wapen": "Дрон-камікадзе", "die": "—", "injure": null, "damage": "Загоряння на 11-му поверсі 16-поверхового житлового будинку, пошкодження бібліотеки ім. Сковороди", "lat": 50.424167, "log": 30.466389 }, "geometry": { "type": "Point", "coordinates": [ 30.466389, 50.424167 ] } },
{ "type": "Feature", "properties": { "num": "38", "date_time": "6 червня 2025 ~04:30 (UTC+3)", "place": "Солом'янський р-н, вул. В. Гетьмана, 2-А[110][111][112][113][114]", "wapen": "Повторний удар дрона-камікадзе", "die": "3 пожежні-рятувальники[115][116][117]", "injure": null, "damage": "Зруйновано історичний будинок Якова Гретера", "lat": 50.452167, "log": 30.444333 }, "geometry": { "type": "Point", "coordinates": [ 30.444333, 50.452167 ] } },
{ "type": "Feature", "properties": { "num": "39", "date_time": "10 червня 2025 00:02–05:09 (UTC+3)", "place": "Голосіївський р-н, вул. Короленківська, 4[118]", "wapen": "Дрон-камікадзе", "die": "—", "injure": "4", "damage": "Пошкоджено БЦ «Gradient»", "lat": 50.432611, "log": 30.506444 }, "geometry": { "type": "Point", "coordinates": [ 30.506444, 50.432611 ] } },
{ "type": "Feature", "properties": { "num": "40", "date_time": "10 червня 2025 00:02–05:09 (UTC+3)", "place": "Дніпровський р-н, вул. Зрошувальна, 12[119]", "wapen": "Дрон-камікадзе", "die": "—", "injure": null, "damage": "Пошкоджено залізничне полотно та садибний будинок", "lat": 50.442722, "log": 30.677972 }, "geometry": { "type": "Point", "coordinates": [ 30.677972, 50.442722 ] } },
{ "type": "Feature", "properties": { "num": "41", "date_time": "10 червня 2025 00:02–05:09 (UTC+3)", "place": "Дарницький р-н, вул. Поліська, 6[119]", "wapen": "Дрон-камікадзе", "die": "—", "injure": null, "damage": "Пошкоджено двоповерховий житловий будинок", "lat": 50.421861, "log": 30.689111 }, "geometry": { "type": "Point", "coordinates": [ 30.689111, 50.421861 ] } },
{ "type": "Feature", "properties": { "num": "42", "date_time": "10 червня 2025 00:02–05:09 (UTC+3)", "place": "Оболонський р-н, пров. Балтійський, 3[118]", "wapen": "Дрон-камікадзе", "die": "—", "injure": null, "damage": "Пошкодження нижніх поверхів ЖК «Навігатор»", "lat": 50.497222, "log": 30.467889 }, "geometry": { "type": "Point", "coordinates": [ 30.467889, 50.497222 ] } },
{ "type": "Feature", "properties": { "num": "43", "date_time": "10 червня 2025 00:02–05:09 (UTC+3)", "place": "Оболонський р-н, вул. Марка Вовчка, 8[120][121][122][123]", "wapen": "Дрон-камікадзе", "die": "1 особа", "injure": null, "damage": "Пошкоджено історичну садибу другої половини XIX – початку XX століття, знищено склади та СТО", "lat": 50.495667, "log": 30.470889 }, "geometry": { "type": "Point", "coordinates": [ 30.470889, 50.495667 ] } },
{ "type": "Feature", "properties": { "num": "44", "date_time": "10 червня 2025 00:02–05:09 (UTC+3)", "place": "Оболонський р-н, пров. Куренівський, 4[118][124][125]", "wapen": "Дрон-камікадзе", "die": "—", "injure": null, "damage": "Пошкоджені приміщення і техніка «Київавтодору» та склад-магазин", "lat": 50.492528, "log": 30.472806 }, "geometry": { "type": "Point", "coordinates": [ 30.472806, 50.492528 ] } },
{ "type": "Feature", "properties": { "num": "45", "date_time": "10 червня 2025 00:02–05:09 (UTC+3)", "place": "Оболонський р-н, пров. Куренівський, 17[126][127]", "wapen": "Дрон-камікадзе", "die": "—", "injure": null, "damage": "Руйнування на території колишнього заводу «Полімер»", "lat": 50.492139, "log": 30.474472 }, "geometry": { "type": "Point", "coordinates": [ 30.474472, 50.492139 ] } },
{ "type": "Feature", "properties": { "num": "46", "date_time": "10 червня 2025 00:02–05:09 (UTC+3)", "place": "Подільський р-н, вул. Кирилівська, 103[128]", "wapen": "Дрон-камікадзе", "die": "—", "injure": null, "damage": "Пошкоджено стадіон «Спартак»", "lat": 50.482944, "log": 30.474222 }, "geometry": { "type": "Point", "coordinates": [ 30.474222, 50.482944 ] } },
{ "type": "Feature", "properties": { "num": "47", "date_time": "10 червня 2025 00:02–05:09 (UTC+3)", "place": "Солом'янський р-н, вул. Митрополита В. Липківського, 26", "wapen": "Дрон-камікадзе", "die": "—", "injure": null, "damage": "Пошкоджено дах житлової 16-поверхівки БПС-6", "lat": 50.4335, "log": 30.481417 }, "geometry": { "type": "Point", "coordinates": [ 30.481417, 50.4335 ] } },
{ "type": "Feature", "properties": { "num": "48", "date_time": "10 червня 2025 00:02–05:09 (UTC+3)", "place": "Шевченківський р-н, вул. Глибочицька, 4[129][118]", "wapen": "Дрон-камікадзе", "die": "—", "injure": null, "damage": "Пожежа в БЦ «Артем»", "lat": 50.460417, "log": 30.487 }, "geometry": { "type": "Point", "coordinates": [ 30.487, 50.460417 ] } },
{ "type": "Feature", "properties": { "num": "49", "date_time": "10 червня 2025 00:02–05:09 (UTC+3)", "place": "Шевченківський р-н, вул. Ю. Іллєнка, 1", "wapen": "Дрон-камікадзе", "die": "—", "injure": null, "damage": "Пошкоджено Лук'янівський ринок", "lat": 50.461611, "log": 30.482972 }, "geometry": { "type": "Point", "coordinates": [ 30.482972, 50.461611 ] } },
{ "type": "Feature", "properties": { "num": "52", "date_time": "17 червня 2025 ~05:00 (UTC+3)", "place": "Дарницький р-н, вул. О. Пчілки, 2[132][133]", "wapen": "Дрон-камікадзе", "die": "Щонайменше 3 з 28 осіб[134]", "injure": "142[135]", "damage": "Пошкодження на рівні 11–17 поверхів 22-поверхового житлового будинку", "lat": 50.41574687, "log": 30.62571635 }, "geometry": { "type": "Point", "coordinates": [ 30.625716350640189, 50.41574686972821 ] } },
{ "type": "Feature", "properties": { "num": "53", "date_time": "17 червня 2025 21:06–06:06 (UTC+3)", "place": "Дарницький р-н, сквер ім. П. Горянського[136][137]", "wapen": "Крилата ракета Х-101", "die": null, "injure": null, "damage": "Вибиті вікна в будівлях навколо, у т.ч. в храмі Святої великомучениці Катерини ПЦУ", "lat": 50.4295, "log": 30.661028 }, "geometry": { "type": "Point", "coordinates": [ 30.661028, 50.4295 ] } },
{ "type": "Feature", "properties": { "num": "54", "date_time": "17 червня 2025 21:06–06:06 (UTC+3)", "place": "Солом'янський р-н, б-р В. Гавела, 31[138]", "wapen": "Крилата ракета Х-101", "die": "23 з 28 осіб[139][140][141]", "injure": null, "damage": "Зруйновано секцію житлового будинку 1-464", "lat": 50.444444, "log": 30.413722 }, "geometry": { "type": "Point", "coordinates": [ 30.413722, 50.444444 ] } },
{ "type": "Feature", "properties": { "num": "55", "date_time": "17 червня 2025 21:06–06:06 (UTC+3)", "place": "Солом'янський р-н, б-р В. Гавела, 45[138]", "wapen": "Дрон-камікадзе", "die": "—", "injure": null, "damage": "Пошкоджено 5-поверховий житловий будинок 1-438-6 з руйнуванням даху та перекриттів", "lat": 50.440278, "log": 30.408889 }, "geometry": { "type": "Point", "coordinates": [ 30.408889, 50.440278 ] } },
{ "type": "Feature", "properties": { "num": "56", "date_time": "17 червня 2025 21:06–06:06 (UTC+3)", "place": "Солом'янський р-н, б-р В. Гавела, 87", "wapen": "Крилата ракета Х-101", "die": "—", "injure": null, "damage": "Загоряння на 3–5 поверхах житлової п'ятиповерхівки 1-438-5, пошкоджено скління та зовнішнього оздоблення в 5-ти сусідніх будинках, у т.ч. Київському спортивному ліцеї", "lat": 50.425472, "log": 30.42175 }, "geometry": { "type": "Point", "coordinates": [ 30.42175, 50.425472 ] } },
{ "type": "Feature", "properties": { "num": "57", "date_time": "17 червня 2025 21:06–06:06 (UTC+3)", "place": "Солом'янський р-н, вул. М. Голего, 7-А[142]", "wapen": "Дрон-камікадзе", "die": "—", "injure": null, "damage": "Пошкоджено 4–5 поверхи гуртожитку № 10 КАІ, ще три (№№ 11–13) постраждали від вибухової хвилі", "lat": 50.438, "log": 30.441167 }, "geometry": { "type": "Point", "coordinates": [ 30.441167, 50.438 ] } },
{ "type": "Feature", "properties": { "num": "58", "date_time": "17 червня 2025 21:06–06:06 (UTC+3)", "place": "Шевченківський р-н, вул. Салютна, 1-А[138][143]", "wapen": "Крилата ракета Х-101", "die": "—", "injure": null, "damage": "Пошкоджено гуртожиток № 3 НУОЗ України ім. П. Л. Шупика та скління вікон у п'яти сусідніх будинках", "lat": 50.473417, "log": 30.401194 }, "geometry": { "type": "Point", "coordinates": [ 30.401194, 50.473417 ] } },
{ "type": "Feature", "properties": { "num": "59", "date_time": "17 червня 2025 21:06–06:06 (UTC+3)", "place": "Шевченківський р-н, вул. Я. Корчака, 25[138]", "wapen": "Крилата ракета Х-69, на території біля будинку виявлено її касетні елементи[144][145]", "die": "—", "injure": null, "damage": "Часткова руйнація 10–12 поверхів 15-поверхового житлового будинку з подальшим загоранням квартир", "lat": 50.467056, "log": 30.416528 }, "geometry": { "type": "Point", "coordinates": [ 30.416528, 50.467056 ] } },
{ "type": "Feature", "properties": { "num": "60", "date_time": "23 червня 2025 23:53–03:35 (UTC+3)", "place": "Подільський р-н, вул. І. Виговського, 3", "wapen": "Дрон-камікадзе", "die": "—", "injure": "38[146][147]", "damage": "Займання автівок, пошкодження офісної будівлі та автомийки", "lat": 50.486528, "log": 30.405611 }, "geometry": { "type": "Point", "coordinates": [ 30.405611, 50.486528 ] } },
{ "type": "Feature", "properties": { "num": "61", "date_time": "23 червня 2025 23:53–03:35 (UTC+3)", "place": "Святошинський р-н, пл. Чорнобаївська[148]", "wapen": "Дрон-камікадзе", "die": "—", "injure": null, "damage": "Знищений павільйон зупинки станції метро «Святошин»", "lat": 50.457944, "log": 30.388222 }, "geometry": { "type": "Point", "coordinates": [ 30.388222, 50.457944 ] } },
{ "type": "Feature", "properties": { "num": "62", "date_time": "23 червня 2025 23:53–03:35 (UTC+3)", "place": "Солом'янський р-н, вул. Польова, 24[149][150][151]", "wapen": "Дрон-камікадзе", "die": "—", "injure": null, "damage": "Пошкоджено бізнес-центр та спорткомплекс (№ 24) КПІ ім. Ігоря Сікорського", "lat": 50.443861, "log": 30.450167 }, "geometry": { "type": "Point", "coordinates": [ 30.450167, 50.443861 ] } },
{ "type": "Feature", "properties": { "num": "63", "date_time": "23 червня 2025 23:53–03:35 (UTC+3)", "place": "Солом'янський р-н/Шевченківський р-н, просп. Берестейський[152]", "wapen": "Дрон-камікадзе", "die": "—", "injure": null, "damage": "Постраждали КНЕУ та складські будівлі ПКМЗ", "lat": 50.456111, "log": 30.436306 }, "geometry": { "type": "Point", "coordinates": [ 30.436306, 50.456111 ] } },
{ "type": "Feature", "properties": { "num": "64", "date_time": "23 червня 2025 ~04:00 (UTC+3)", "place": "Шевченківський р-н, вул. І. Гонти, 5 [153][154][155][156][157]", "wapen": "Балістична ракета «Іскандер-М»/KN-23 з фугасно-осколковою бойовою частиною[158]", "die": "9 осіб (з них 1 дитина) [159][160][161][162][163]", "injure": null, "damage": "Зруйновано секцію житлового будинку 1-480-15вк", "lat": 50.465, "log": 30.441944 }, "geometry": { "type": "Point", "coordinates": [ 30.441944, 50.465 ] } },
{ "type": "Feature", "properties": { "num": "65", "date_time": "4 липня 2025 20:00–04:50 (UTC+3)", "place": "Святошинський р-н, вул. Жмеринська[169][170]", "wapen": "Ракета або дрон-камікадзе", "die": "—", "injure": "32", "damage": "Зруйновано промислові будівлі", "lat": 50.442556, "log": 30.388611 }, "geometry": { "type": "Point", "coordinates": [ 30.388611, 50.442556 ] } },
{ "type": "Feature", "properties": { "num": "66", "date_time": "4 липня 2025 20:00–04:50 (UTC+3)", "place": "Святошинський р-н, просп. Л. Курбаса, 3-А[169][171][172]", "wapen": "Дрон-камікадзе", "die": "—", "injure": null, "damage": "Пошкоджено 2-й та 3-й поверхи 14-поверхового житлового будинку «Вежа Вулиха»", "lat": 50.431611, "log": 30.396222 }, "geometry": { "type": "Point", "coordinates": [ 30.396222, 50.431611 ] } },
{ "type": "Feature", "properties": { "num": "67", "date_time": "4 липня 2025 20:00–08:43 (UTC+3)", "place": "Святошинський р-н, вул. Пшенична, 2 [173][174][175][176][177]", "wapen": "Ракета", "die": "Щонайменше 1 з 3 осіб[178][179][180]", "injure": null, "damage": "Руйнування та займання складських будівель, пошкоджено ДПРЧ-18", "lat": 50.430556, "log": 30.399389 }, "geometry": { "type": "Point", "coordinates": [ 30.399389, 50.430556 ] } },
{ "type": "Feature", "properties": { "num": "68", "date_time": "4 липня 2025 20:00–08:43 (UTC+3)", "place": "Солом'янський р-н, просп. Відрадний, 36-В[169][181]", "wapen": "Уламки ракети", "die": "—", "injure": null, "damage": "Пошкоджено ліцей № 22 та автомобілі", "lat": 50.418639, "log": 30.422472 }, "geometry": { "type": "Point", "coordinates": [ 30.422472, 50.418639 ] } },
{ "type": "Feature", "properties": { "num": "69", "date_time": "4 липня 2025 20:00–08:43 (UTC+3)", "place": "Солом'янський р-н, просп. Відрадний, 40[169][181][182]", "wapen": "Уламки ракети", "die": "—", "injure": null, "damage": "Пошкоджено житловий будинок 1-480-15кпм", "lat": 50.416972, "log": 30.423694 }, "geometry": { "type": "Point", "coordinates": [ 30.423694, 50.416972 ] } },
{ "type": "Feature", "properties": { "num": "71", "date_time": "4 липня 2025 20:00–08:43 (UTC+3)", "place": "Шевченківський р-н, вул. Дегтярівська, 25-А[187]", "wapen": "Дрон-камікадзе", "die": "—", "injure": null, "damage": "Пошкоджено житловий будинок ЖК «Poetica»", "lat": 50.460083, "log": 30.452139 }, "geometry": { "type": "Point", "coordinates": [ 30.452139, 50.460083 ] } },
{ "type": "Feature", "properties": { "num": "72", "date_time": "4 липня 2025 20:00–08:43 (UTC+3)", "place": "Шевченківський р-н, вул. Салютна, 2[188]", "wapen": "Дрон-камікадзе", "die": "—", "injure": null, "damage": "Пошкоджено житловий будинок ЖК «Файна Таун»", "lat": 50.467833, "log": 30.399889 }, "geometry": { "type": "Point", "coordinates": [ 30.399889, 50.467833 ] } },
{ "type": "Feature", "properties": { "num": "73", "date_time": "7 липня 2025 ~02:00 (UTC+3)", "place": "Солом'янський р-н, вул. І. Федорова[189][190][191]", "wapen": "Дрон-камікадзе", "die": "—", "injure": "—", "damage": "Пошкоджено наземну тепломережу та автівки", "lat": 50.424889, "log": 30.510444 }, "geometry": { "type": "Point", "coordinates": [ 30.510444, 50.424889 ] } },
{ "type": "Feature", "properties": { "num": "74", "date_time": "10 липня 2025 01:02–05:11 (UTC+3)", "place": "Голосіївський р-н, вул. Академіка Заболотного[192][193]", "wapen": "Дрон-камікадзе", "die": "—", "injure": "—", "damage": "Пошкоджено огорожу Олімпійської кінно-спортивної бази «Динамо» та сідловий автопоїзд", "lat": 50.3585, "log": 30.473917 }, "geometry": { "type": "Point", "coordinates": [ 30.473917, 50.3585 ] } },
{ "type": "Feature", "properties": { "num": "76", "date_time": "10 липня 2025 01:02–05:11 (UTC+3)", "place": "Солом'янський р-н, вул. О. Тихого[203]", "wapen": "Ракета або дрон-камікадзе", "die": "—", "injure": null, "damage": "Пожежі в адміністративних та складських будівлях", "lat": 50.452028, "log": 30.425889 }, "geometry": { "type": "Point", "coordinates": [ 30.425889, 50.452028 ] } },
{ "type": "Feature", "properties": { "num": "77", "date_time": "10 липня 2025 ~02:30 (UTC+3)", "place": "Шевченківський р-н, вул. Деревлянська, 14[205][206]", "wapen": "Дрон-камікадзе", "die": "—", "injure": null, "damage": "Пожежа у житловому будинку 1-480-15кпм", "lat": 50.465972, "log": 30.469361 }, "geometry": { "type": "Point", "coordinates": [ 30.469361, 50.465972 ] } },
{ "type": "Feature", "properties": { "num": "78", "date_time": "10 липня 2025 ~02:30 (UTC+3)", "place": "Шевченківський р-н, вул. Павлівська, 18[207][208][209]", "wapen": "Дрон-камікадзе", "die": "—", "injure": null, "damage": "Пошкодження 9 та 10–18 поверхових житлових будинків, ліцею № 38", "lat": 50.452833, "log": 30.490389 }, "geometry": { "type": "Point", "coordinates": [ 30.490389, 50.452833 ] } },
{ "type": "Feature", "properties": { "num": "79", "date_time": "10 липня 2025 ~02:30 (UTC+3)", "place": "Шевченківський р-н, вул. Січових Стрільців, 70[210]", "wapen": "Дрон-камікадзе", "die": "—", "injure": null, "damage": "Пошкодження та займання на верхньому поверсі житлової 9-поверхівки", "lat": 50.45725, "log": 30.488667 }, "geometry": { "type": "Point", "coordinates": [ 30.488667, 50.45725 ] } },
{ "type": "Feature", "properties": { "num": "80", "date_time": "10 липня 2025 ~02:30 (UTC+3)", "place": "Шевченківський р-н, перетин вул. Білоруської та вул. Дегтярівської[205]", "wapen": "Дрон-камікадзе", "die": "—", "injure": null, "damage": "Пошкоджено дорожнє покриття, трамвайну колію та прилеглі будівлі", "lat": 50.461722, "log": 30.480917 }, "geometry": { "type": "Point", "coordinates": [ 30.480917, 50.461722 ] } },
{ "type": "Feature", "properties": { "num": "81", "date_time": "21 липня 2025 22:57–07:00 (UTC+3)", "place": "Дарницький р-н, вул. Бориспільська[211][212]", "wapen": "Дрон-камікадзе", "die": "—", "injure": "9[213]", "damage": "Пошкоджений дах нежитлової будівлі, пожежа у Велмарті", "lat": 50.429694, "log": 30.664917 }, "geometry": { "type": "Point", "coordinates": [ 30.664917, 50.429694 ] } },
{ "type": "Feature", "properties": { "num": "82", "date_time": "21 липня 2025 22:57–07:00 (UTC+3)", "place": "Дарницький р-н, вул. Ю. Литвинського, 21[212]", "wapen": "Дрон-камікадзе", "die": "—", "injure": null, "damage": "Пошкоджено дитячий садок № 706", "lat": 50.424194, "log": 30.654139 }, "geometry": { "type": "Point", "coordinates": [ 30.654139, 50.424194 ] } },
{ "type": "Feature", "properties": { "num": "83", "date_time": "21 липня 2025 22:57–07:00 (UTC+3)", "place": "Дніпровський р-н, просп. Броварський[214]", "wapen": "Дрон-камікадзе", "die": "—", "injure": null, "damage": "Пожежа в торгових павільйонах", "lat": 50.456694, "log": 30.613806 }, "geometry": { "type": "Point", "coordinates": [ 30.613806, 50.456694 ] } },
{ "type": "Feature", "properties": { "num": "84", "date_time": "21 липня 2025 22:57–07:00 (UTC+3)", "place": "Оболонський р-н, вул. Луківська[215]", "wapen": "Уламок крилатої ракети Х-69", "die": "—", "injure": null, "damage": "Виявлено нездетоновану бойову частину ракети у ЖК «Італійський квартал»", "lat": 50.539917, "log": 30.490083 }, "geometry": { "type": "Point", "coordinates": [ 30.490083, 50.539917 ] } },
{ "type": "Feature", "properties": { "num": "85", "date_time": "21 липня 2025 22:57–07:00 (UTC+3)", "place": "Святошинський р-н, вул. Ґалаґанівська[216]", "wapen": null, "die": "—", "injure": null, "damage": "Руйнування в ГБК «Веркон-Авто»", "lat": 50.454889, "log": 30.403222 }, "geometry": { "type": "Point", "coordinates": [ 30.403222, 50.454889 ] } },
{ "type": "Feature", "properties": { "num": "87", "date_time": "21 липня 2025 22:57–07:00 (UTC+3)", "place": "Шевченківський р-н, вул. Глибочицька, 13[214]", "wapen": "Дрон-камікадзе", "die": "—", "injure": null, "damage": "Займання балконів на трьох поверхах житлової 10-поверхівки у ЖК «Львівський квартал»", "lat": 50.462028, "log": 30.48875 }, "geometry": { "type": "Point", "coordinates": [ 30.48875, 50.462028 ] } },
{ "type": "Feature", "properties": { "num": "88", "date_time": "21 липня 2025 22:57–07:00 (UTC+3)", "place": "Шевченківський р-н, вул. Ю. Іллєнка, 1[214][217]", "wapen": "Дрон-камікадзе", "die": "—", "injure": null, "damage": "Пошкоджено наземний вестибюль станції метро «Лук'янівська»", "lat": 50.462333, "log": 30.482444 }, "geometry": { "type": "Point", "coordinates": [ 30.482444, 50.462333 ] } },
{ "type": "Feature", "properties": { "num": "89", "date_time": "28 липня 2025 ~02:00 (UTC+3)", "place": "Дарницький р-н, вул. Є. Чавдар, 1[218]", "wapen": "Дрон-камікадзе", "die": "—", "injure": "5", "damage": "Пошкоджена житлова 25-поверхівка", "lat": 50.393667, "log": 30.618111 }, "geometry": { "type": "Point", "coordinates": [ 30.618111, 50.393667 ] } },
{ "type": "Feature", "properties": { "num": "90", "date_time": "30 липня 2025 22:47 – 31 липня 2025 03:18 (UTC+3)", "place": "Голосіївський р-н, вул. С. Павличко[219][220]", "wapen": "Дрон-камікадзе", "die": "—", "injure": "159", "damage": "Пошкодження скління вікон житлових будинків 87-2, ММ-640 та ЖК «Республіка»", "lat": 50.369417, "log": 30.450417 }, "geometry": { "type": "Point", "coordinates": [ 30.450417, 50.369417 ] } },
{ "type": "Feature", "properties": { "num": "91", "date_time": "31 липня 2025 ~04:40 (UTC+3)", "place": "Святошинський р-н, вул. В. Кучера, 2-А[219][221]", "wapen": "Крилата ракета 9М728 «Іскандер-К»", "die": "28 осіб (з них 5 дітей) [222][223][224][225][226][227][228][229][230][231]", "injure": null, "damage": "Зруйновано секцію житлового будинку 1-464А-53", "lat": 50.421917, "log": 30.389611 }, "geometry": { "type": "Point", "coordinates": [ 30.389611, 50.421917 ] } },
{ "type": "Feature", "properties": { "num": "92", "date_time": "30 липня 2025 22:47 – 31 липня 2025 03:18 (UTC+3)", "place": "Святошинський р-н, вул. Симиренка, 25-А[219]", "wapen": "Дрон-камікадзе", "die": "—", "injure": null, "damage": "Займання автомобілів, пошкодження житлового будинку КС", "lat": 50.409778, "log": 30.409167 }, "geometry": { "type": "Point", "coordinates": [ 30.409167, 50.409778 ] } },
{ "type": "Feature", "properties": { "num": "93", "date_time": "30 липня 2025 22:47 – 31 липня 2025 03:18 (UTC+3)", "place": "Солом'янський р-н, вул. М. Василенка, 7[232]", "wapen": "Дрон-камікадзе", "die": "—", "injure": null, "damage": "Пошкоджено БЦ «Геліос»", "lat": 50.449444, "log": 30.4195 }, "geometry": { "type": "Point", "coordinates": [ 30.4195, 50.449444 ] } },
{ "type": "Feature", "properties": { "num": "94", "date_time": "30 липня 2025 22:47 – 31 липня 2025 03:18 (UTC+3)", "place": "Солом'янський р-н, просп. Відрадний,28-Б[233]", "wapen": "Дрон-камікадзе", "die": "Щонайменше 3 з 4 осіб[234]", "injure": null, "damage": "Частково зруйновано дах та квартири на верхньому поверсі житлового будинку 1-438-3", "lat": 50.42325, "log": 30.425 }, "geometry": { "type": "Point", "coordinates": [ 30.425, 50.42325 ] } },
{ "type": "Feature", "properties": { "num": "95", "date_time": "31 липня 2025 04:29–05:06 (UTC+3)", "place": "Солом'янський р-н, вул. Залісна, 1/вул. Академіка Шалімова, 74[219][236]", "wapen": "Ракета", "die": "Чоловік із невідомої локації помер в лікарні[235]", "injure": null, "damage": "Зруйновано садибні житлові будинки", "lat": 50.426917, "log": 30.435667 }, "geometry": { "type": "Point", "coordinates": [ 30.435667, 50.426917 ] } },
{ "type": "Feature", "properties": { "num": "96", "date_time": "30 липня 2025 22:47 – 31 липня 2025 03:18 (UTC+3)", "place": "Солом'янський р-н, вул. Гарматна, 29/вул. Машинобудівна, 31[232]", "wapen": "Дрон-камікадзе", "die": "—", "injure": null, "damage": "Пошкоджено житловий будинок 1-406", "lat": 50.447722, "log": 30.434 }, "geometry": { "type": "Point", "coordinates": [ 30.434, 50.447722 ] } },
{ "type": "Feature", "properties": { "num": "97", "date_time": "30 липня 2025 22:47 – 31 липня 2025 03:18 (UTC+3)", "place": "Солом'янський р-н, вул. Л. Гузара, 38-А[237]", "wapen": "Дрон-камікадзе", "die": "—", "injure": null, "damage": "Загорання покрівлі житлового будинку 1-406", "lat": 50.437083, "log": 30.414083 }, "geometry": { "type": "Point", "coordinates": [ 30.414083, 50.437083 ] } },
{ "type": "Feature", "properties": { "num": "98", "date_time": "30 липня 2025 22:47 – 31 липня 2025 03:18 (UTC+3)", "place": "Солом'янський р-н, вул. Академіка Стражеска[219][238][239]", "wapen": "Дрон-камікадзе", "die": "—", "injure": null, "damage": "Пошкоджено житлові будинки 1-464А, амбулаторію № 8 КНП «ЦПМСД № 1» Солом'янського району, медичний коледж ім. П.І.Гаврося", "lat": 50.431778, "log": 30.415694 }, "geometry": { "type": "Point", "coordinates": [ 30.415694, 50.431778 ] } },
{ "type": "Feature", "properties": { "num": "101", "date_time": "27 серпня 2025 21:24 – 28 серпня 2025 06:33 (UTC+3)", "place": "Голосіївський р-н, вул. Жилянська[245][246]", "wapen": "Дві ракети", "die": "—", "injure": "63", "damage": "Пошкоджено офісну будівлю", "lat": 50.434278, "log": 30.510472 }, "geometry": { "type": "Point", "coordinates": [ 30.510472, 50.434278 ] } },
{ "type": "Feature", "properties": { "num": "102", "date_time": "27 серпня 2025 21:24 – 28 серпня 2025 06:33 (UTC+3)", "place": "Голосіївський р-н, вул. М. Максимовича/Солом'янський р-н, вул. Юнацька[247][248]", "wapen": "Дві ракети", "die": "—", "injure": null, "damage": "Пошкоджено ЖК «Нова Англія» та ЖК «Паркленд»", "lat": 50.395417, "log": 30.472611 }, "geometry": { "type": "Point", "coordinates": [ 30.472611, 50.395417 ] } },
{ "type": "Feature", "properties": { "num": "103", "date_time": "27 серпня 2025 21:24 – 28 серпня 2025 06:33 (UTC+3)", "place": "Дарницький р-н, вул. Бориспільська, 3/3[249]", "wapen": "Ракета", "die": "22 з 25 осіб (з них 4 дітей)", "injure": null, "damage": "Зруйновано житловий будинок «готелька» 1у-438-20, пошкоджено сусідні споруди", "lat": 50.432278, "log": 30.656056 }, "geometry": { "type": "Point", "coordinates": [ 30.656056, 50.432278 ] } },
{ "type": "Feature", "properties": { "num": "104", "date_time": "27 серпня 2025 21:24 – 28 серпня 2025 06:33 (UTC+3)", "place": "Дарницький р-н, Харківське шосе, 56", "wapen": "Дрон-камікадзе", "die": "—", "injure": null, "damage": "Пошкоджено житловий будинок КТУ", "lat": 50.424361, "log": 30.643278 }, "geometry": { "type": "Point", "coordinates": [ 30.643278, 50.424361 ] } },
{ "type": "Feature", "properties": { "num": "105", "date_time": "27 серпня 2025 21:24 – 28 серпня 2025 06:33 (UTC+3)", "place": "Дніпровський р-н, вул. Сиваська, 12/2", "wapen": "Дрон-камікадзе", "die": "—", "injure": null, "damage": "Пошкоджено ЖК «Lego House»", "lat": 50.433306, "log": 30.640417 }, "geometry": { "type": "Point", "coordinates": [ 30.640417, 50.433306 ] } },
{ "type": "Feature", "properties": { "num": "106", "date_time": "27 серпня 2025 21:24 – 28 серпня 2025 06:33 (UTC+3)", "place": "Дніпровський р-н, вул. Ю. Шумського, 4-А", "wapen": "Дрон-камікадзе", "die": "—", "injure": null, "damage": "Пошкоджено житловий будинок 1-КГ-480-47", "lat": 50.426028, "log": 30.601111 }, "geometry": { "type": "Point", "coordinates": [ 30.601111, 50.426028 ] } },
{ "type": "Feature", "properties": { "num": "107", "date_time": "27 серпня 2025 21:24 – 28 серпня 2025 06:33 (UTC+3)", "place": "Шевченківський р-н, вул. Глибочицька, 16", "wapen": "Дрон-камікадзе", "die": "—", "injure": null, "damage": "Пошкоджено АЗС", "lat": 50.460778, "log": 30.488833 }, "geometry": { "type": "Point", "coordinates": [ 30.488833, 50.460778 ] } },
{ "type": "Feature", "properties": { "num": "108", "date_time": "27 серпня 2025 21:24 – 28 серпня 2025 06:33 (UTC+3)", "place": "Шевченківський р-н, вул. Дегтярівська, 8-А", "wapen": "Дрон-камікадзе", "die": "—", "injure": null, "damage": "Пошкоджено торгово-офісну будівлю", "lat": 50.462278, "log": 30.476028 }, "geometry": { "type": "Point", "coordinates": [ 30.476028, 50.462278 ] } },
{ "type": "Feature", "properties": { "num": "109", "date_time": "27 серпня 2025 21:24 – 28 серпня 2025 06:33 (UTC+3)", "place": "Шевченківський р-н, вул. Нагірна, 22", "wapen": "Дрон-камікадзе", "die": "—", "injure": null, "damage": "Пошкоджено будівлю Київського інституту автоматики", "lat": 50.471611, "log": 30.484361 }, "geometry": { "type": "Point", "coordinates": [ 30.484361, 50.471611 ] } },
{ "type": "Feature", "properties": { "num": "110", "date_time": "6 вересня 2025 21:47 – 7 вересня 2025 05:19 (UTC+3)", "place": "Дарницький р-н, вул. Ялтинська, 24/вул. Ю. Литвинського, 23[250][251]", "wapen": "Дрон-камікадзе", "die": "—", "injure": "9", "damage": "Пошкодження 2-х останніх поверхів 4-поверхової «сталінки»", "lat": 50.424583, "log": 30.654722 }, "geometry": { "type": "Point", "coordinates": [ 30.654722, 50.424583 ] } },
{ "type": "Feature", "properties": { "num": "111", "date_time": "6 вересня 2025 21:47 – 7 вересня 2025 05:19 (UTC+3)", "place": "Святошинський р-н, вул. Авіаконструктора П. Балабуєва[252][253][254]", "wapen": "Ракета", "die": "—", "injure": null, "damage": "Зруйновано виробничі потужності пекарні «Василеві пироги» та кондитерської «Кремова», склади телекомунікаційної компанії «РОМСАТ»", "lat": 50.45, "log": 30.394167 }, "geometry": { "type": "Point", "coordinates": [ 30.394167, 50.45 ] } },
{ "type": "Feature", "properties": { "num": "112", "date_time": "6 вересня 2025 21:47 – 7 вересня 2025 05:19 (UTC+3)", "place": "Святошинський р-н, б-р М. Руденка, 18[255][251]", "wapen": "Дрон-камікадзе", "die": "—", "injure": null, "damage": "Пошкоджено 3-й поверх 9-поверхівки 1-КГ-480-11у", "lat": 50.42325, "log": 30.379139 }, "geometry": { "type": "Point", "coordinates": [ 30.379139, 50.42325 ] } },
{ "type": "Feature", "properties": { "num": "113", "date_time": "6 вересня 2025 21:47 – 7 вересня 2025 05:19 (UTC+3)", "place": "Святошинський р-н, вул. А. Петрицького, 15-А[251][256]", "wapen": "Дрон-камікадзе", "die": "—", "injure": null, "damage": "Пожежа на 3-х верхніх поверхах 16-поверхівки ЖК «Відпочинок»", "lat": 50.447194, "log": 30.382417 }, "geometry": { "type": "Point", "coordinates": [ 30.382417, 50.447194 ] } },
{ "type": "Feature", "properties": { "num": "114", "date_time": "6 вересня 2025 21:47 – 7 вересня 2025 05:19 (UTC+3)", "place": "Святошинський р-н, вул. Я. Коласа, 29[251][257]", "wapen": "Дрон-камікадзе", "die": "5 осіб (з них 1 дитина)[258][259][260][261][262][263]", "injure": "11", "damage": "Часткове руйнування з 4 по 8 поверхи житлової 9-поверхівки 111-96", "lat": 50.437556, "log": 30.384028 }, "geometry": { "type": "Point", "coordinates": [ 30.384028, 50.437556 ] } },
{ "type": "Feature", "properties": { "num": "115", "date_time": "7 вересня 2025 05:52–07:46 (UTC+3)", "place": "Печерський р-н, вул. М. Грушевського, 12[264][265][266][267]", "wapen": "Крилата ракета 9М727 «Іскандер-К»[268]", "die": "—", "injure": "—", "damage": "Загоряння в будівлі КМУ", "lat": 50.448222, "log": 30.533361 }, "geometry": { "type": "Point", "coordinates": [ 30.533361, 50.448222 ] } },
{ "type": "Feature", "properties": { "num": "116", "date_time": "19 вересня 2025 01:09–01:44 (UTC+3)", "place": "Шевченківський р-н/Солом'янський р-н, просп. Берестейський[269]", "wapen": "Дрон-камікадзе", "die": "—", "injure": "—", "damage": "Пошкоджено об'єкти транспортної інфраструктури", "lat": 50.454556, "log": 30.447056 }, "geometry": { "type": "Point", "coordinates": [ 30.447056, 50.454556 ] } },
{ "type": "Feature", "properties": { "num": "118", "date_time": "28 вересня 2025 02:25–09:13 (UTC+3)", "place": "Дарницький р-н, просп. П. Григоренка", "wapen": null, "die": "—", "injure": null, "damage": "Пошкодження скління вікон торговельного павільйону", "lat": 50.401722, "log": 30.632667 }, "geometry": { "type": "Point", "coordinates": [ 30.632667, 50.401722 ] } },
{ "type": "Feature", "properties": { "num": "119", "date_time": "28 вересня 2025 02:25–09:13 (UTC+3)", "place": "Дарницький р-н, вул. Ю. Литвинського", "wapen": null, "die": "—", "injure": null, "damage": "Пошкодження фасадів дитсадка № 706 та церкви ЄХБ", "lat": 50.42375, "log": 30.653806 }, "geometry": { "type": "Point", "coordinates": [ 30.653806, 50.42375 ] } },
{ "type": "Feature", "properties": { "num": "120", "date_time": "28 вересня 2025 02:25–09:13 (UTC+3)", "place": "Дніпровський р-н, просп. П. Тичини, 16/вул. Ю. Шумського, 2", "wapen": null, "die": "—", "injure": null, "damage": "Згоріли дві автівки", "lat": 50.42675, "log": 30.601722 }, "geometry": { "type": "Point", "coordinates": [ 30.601722, 50.42675 ] } },
{ "type": "Feature", "properties": { "num": "121", "date_time": "28 вересня 2025 02:25–09:13 (UTC+3)", "place": "Солом'янський р-н, вул. Гарматна, 30[270]", "wapen": null, "die": "1 дитина[271]", "injure": null, "damage": "Пошкоджено житлову п'ятиповерхівку 1-480-15к", "lat": 50.444917, "log": 30.430833 }, "geometry": { "type": "Point", "coordinates": [ 30.430833, 50.444917 ] } },
{ "type": "Feature", "properties": { "num": "122", "date_time": "28 вересня 2025 02:25–09:13 (UTC+3)", "place": "Солом'янський р-н, вул. Святослава Хороброго, 5", "wapen": null, "die": "Щонайменше 2 з 4 осіб[272][273][274][275]", "injure": null, "damage": "Пошкоджено будівлю Інституту кардіології ім. Стражеска", "lat": 50.4205, "log": 30.458944 }, "geometry": { "type": "Point", "coordinates": [ 30.458944, 50.4205 ] } },
{ "type": "Feature", "properties": { "num": "123", "date_time": "10 жовтня 2025 ~01:00 (UTC+3)", "place": "Печерський р-н, в-р Лесі Українки, 36-Б[279][280][281]", "wapen": "Дрон-камікадзе", "die": "1 особа[282][283]", "injure": "11", "damage": "Пожежа на 6–7 поверхах житлової 17-поверхівки", "lat": 50.419722, "log": 30.546639 }, "geometry": { "type": "Point", "coordinates": [ 30.546639, 50.419722 ] } },
{ "type": "Feature", "properties": { "num": "125", "date_time": "22 жовтня 2025 04:48–08:59 (UTC+3)", "place": "Дарницький р-н, вул. Сімферопольська, 15/вул. Новодарницька, 3[285][286]", "wapen": "Дрон-камікадзе", "die": "—", "injure": "30[287]", "damage": "Пошкоджено житловий будинок «сталінка»", "lat": 50.424611, "log": 30.64875 }, "geometry": { "type": "Point", "coordinates": [ 30.64875, 50.424611 ] } },
{ "type": "Feature", "properties": { "num": "126", "date_time": "22 жовтня 2025 04:48–08:59 (UTC+3)", "place": "Дарницький р-н, Харківське шосе, 49[288]", "wapen": "Дрон-камікадзе", "die": "—", "injure": null, "damage": "Пожежа між 6 та 13 поверхами 16-поверхового будинку", "lat": 50.422833, "log": 30.650694 }, "geometry": { "type": "Point", "coordinates": [ 30.650694, 50.422833 ] } },
{ "type": "Feature", "properties": { "num": "127", "date_time": "22 жовтня 2025 04:48–08:59 (UTC+3)", "place": "Деснянський р-н, вул. В. Іваниса, 4[289]", "wapen": "Дрон-камікадзе", "die": "—", "injure": null, "damage": "Пошкоджено Олімпійський фаховий коледж імені Івана Піддубного", "lat": 50.470167, "log": 30.642333 }, "geometry": { "type": "Point", "coordinates": [ 30.642333, 50.470167 ] } },
{ "type": "Feature", "properties": { "num": "128", "date_time": "22 жовтня 2025 04:48–08:59 (UTC+3)", "place": "Деснянський р-н, вул. Сержа Лифаря, 18-А[290]", "wapen": "Дрон-камікадзе", "die": "—", "injure": null, "damage": "Загорання на 8-му поверсі житлового будинку 111-96 та автомобіля у дворі, пошкоджено газову трубу", "lat": 50.515972, "log": 30.6085 }, "geometry": { "type": "Point", "coordinates": [ 30.6085, 50.515972 ] } },
{ "type": "Feature", "properties": { "num": "129", "date_time": "22 жовтня 2025 04:48–08:59 (UTC+3)", "place": "Дніпровський р-н, вул. В. Черчилля, 18-Б[291]", "wapen": "Дрон-камікадзе", "die": "2 особи", "injure": null, "damage": "Пошкодження на рівні 6 поверху 16-поверхового житлового будинку з подальшою пожежею", "lat": 50.451278, "log": 30.622056 }, "geometry": { "type": "Point", "coordinates": [ 30.622056, 50.451278 ] } },
{ "type": "Feature", "properties": { "num": "130", "date_time": "22 жовтня 2025 04:48–08:59 (UTC+3)", "place": "Дніпровський р-н, Русанівський канал[292][293]", "wapen": "Дрон-камікадзе", "die": "—", "injure": null, "damage": "Падіння уламків у лісосмузі на березі каналу, пошкоджено Ліцей № 137", "lat": 50.442972, "log": 30.602917 }, "geometry": { "type": "Point", "coordinates": [ 30.602917, 50.442972 ] } },
{ "type": "Feature", "properties": { "num": "131", "date_time": "22 жовтня 2025 04:48–08:59 (UTC+3)", "place": "Печерський р-н, вул. Є. Коновальця, 36-В[285]", "wapen": "Дрон-камікадзе", "die": "—", "injure": null, "damage": "Пошкодження верхніх поверхів 19–26 поверхового житлового будинку", "lat": 50.425167, "log": 30.532528 }, "geometry": { "type": "Point", "coordinates": [ 30.532528, 50.425167 ] } },
{ "type": "Feature", "properties": { "num": "132", "date_time": "22 жовтня 2025 04:48–08:59 (UTC+3)", "place": "Печерський р-н, вул. Товарна, 37[294]", "wapen": "Дрон-камікадзе", "die": "—", "injure": null, "damage": "Пошкоджено резиденцію Посла Нігерії в Україні", "lat": 50.409, "log": 30.538694 }, "geometry": { "type": "Point", "coordinates": [ 30.538694, 50.409 ] } },
{ "type": "Feature", "properties": { "num": "133", "date_time": "22 жовтня 2025 22:55–23:51 (UTC+3)", "place": "Деснянський р-н, вул. К. Данькевича, 10[295]", "wapen": "Дрон-камікадзе", "die": "—", "injure": "9", "damage": "На один з балконів 22-поверхівки упав БпЛА без детонації", "lat": 50.521722, "log": 30.615194 }, "geometry": { "type": "Point", "coordinates": [ 30.615194, 50.521722 ] } },
{ "type": "Feature", "properties": { "num": "134", "date_time": "22 жовтня 2025 22:55–23:51 (UTC+3)", "place": "Подільський р-н, вул. Волоська, 32/34[296]", "wapen": "Дрон-камікадзе", "die": "1 особа[297]", "injure": null, "damage": "Пошкоджено житлові будинки, автівки", "lat": 50.469861, "log": 30.516056 }, "geometry": { "type": "Point", "coordinates": [ 30.516056, 50.469861 ] } },
{ "type": "Feature", "properties": { "num": "135", "date_time": "22 жовтня 2025 22:55–23:51 (UTC+3)", "place": "Подільський р-н, вул. Заводська[298]", "wapen": "Дрон-камікадзе", "die": "Хитра Алла (померла у лікарні)", "injure": null, "damage": "Пожежа складських будівель", "lat": 50.47475, "log": 30.496583 }, "geometry": { "type": "Point", "coordinates": [ 30.496583, 50.47475 ] } },
{ "type": "Feature", "properties": { "num": "136", "date_time": "22 жовтня 2025 22:55–23:51 (UTC+3)", "place": "Подільський р-н, вул. Нижній Вал, 51[299][300]", "wapen": "Дрон-камікадзе", "die": null, "injure": null, "damage": "Пошкоджено БЦ «Доміно»", "lat": 50.470583, "log": 30.518167 }, "geometry": { "type": "Point", "coordinates": [ 30.518167, 50.470583 ] } },
{ "type": "Feature", "properties": { "num": "137", "date_time": "22 жовтня 2025 22:55–23:51 (UTC+3)", "place": "Подільський р-н, вул. Г. Сковороди, 9-Б[301][302][303][304]", "wapen": "Дрон-камікадзе", "die": null, "injure": null, "damage": "Пошкоджено Музей гетьманства, Подільський РАЦС", "lat": 50.467056, "log": 30.521139 }, "geometry": { "type": "Point", "coordinates": [ 30.521139, 50.467056 ] } },
{ "type": "Feature", "properties": { "num": "138", "date_time": "22 жовтня 2025 22:55–23:51 (UTC+3)", "place": "Подільський р-н, вул. Щекавицька[305]", "wapen": "Дрон-камікадзе", "die": null, "injure": null, "damage": "Пошкоджено офіс видання «Гордон» та Велику хоральну синагогу", "lat": 50.47025, "log": 30.513139 }, "geometry": { "type": "Point", "coordinates": [ 30.513139, 50.47025 ] } },
{ "type": "Feature", "properties": { "num": "139", "date_time": "25 жовтня 2025 03:51–04:37 (UTC+3)", "place": "Дарницький р-н, вул. Бориспільська, 9-Ж[306]", "wapen": "Ракета", "die": "—", "injure": "13", "damage": "Зруйновано фармацевтичний склад і офіс компанії «Оптіма-Фарм»", "lat": 50.429111, "log": 30.671833 }, "geometry": { "type": "Point", "coordinates": [ 30.671833, 50.429111 ] } },
{ "type": "Feature", "properties": { "num": "140", "date_time": "25 жовтня 2025 03:51–04:37 (UTC+3)", "place": "Деснянський р-н, вул. Героїв Енергетиків[307]", "wapen": "Ракета", "die": "2 особи[308]", "injure": null, "damage": "Пожежа складських приміщень на площі 13 тис. м²", "lat": 50.522417, "log": 30.635639 }, "geometry": { "type": "Point", "coordinates": [ 30.635639, 50.522417 ] } },
{ "type": "Feature", "properties": { "num": "141", "date_time": "25 жовтня 2025 03:51–04:37 (UTC+3)", "place": "Дніпровський р-н, вул. Празька, 31-А[309]", "wapen": "Ракета", "die": "—", "injure": null, "damage": "Пошкоджено заклад дошкільної освіти № 455, житлові будинки навколо", "lat": 50.43675, "log": 30.6445 }, "geometry": { "type": "Point", "coordinates": [ 30.6445, 50.43675 ] } },
{ "type": "Feature", "properties": { "num": "142", "date_time": "26 жовтня 2025 02:27–03:05 (UTC+2)", "place": "Деснянський р-н, вул. Братиславська, 40[310][311]", "wapen": "Дрон-камікадзе", "die": "3 особи[312] [313][314][315]", "injure": "26", "damage": "Обвал перекриття будинку 1-КГ-480-52, пожежа з 1 по 7 поверх", "lat": 50.476611, "log": 30.620444 }, "geometry": { "type": "Point", "coordinates": [ 30.620444, 50.476611 ] } },
{ "type": "Feature", "properties": { "num": "143", "date_time": "26 жовтня 2025 03:50–06:59 (UTC+2)", "place": "Деснянський р-н, вул. О. де Бальзака, 65[310][318]", "wapen": "Дрон-камікадзе", "die": "—", "injure": "5", "damage": "Пошкоджено 10-поверховий житловий будинок КП", "lat": 50.521806, "log": 30.606361 }, "geometry": { "type": "Point", "coordinates": [ 30.606361, 50.521806 ] } },
{ "type": "Feature", "properties": { "num": "144", "date_time": "8 листопада 2025 00:53–02:48 (UTC+2)", "place": "Печерський р-н, пр. Військовий[320][321][322]", "wapen": "Дрон-камікадзе", "die": "—", "injure": "—", "damage": "Загорання 4 малотонажних вантажівок, пошкоджено 2 будівлі та авто поруч", "lat": 50.405861, "log": 30.549 }, "geometry": { "type": "Point", "coordinates": [ 30.549, 50.405861 ] } },
{ "type": "Feature", "properties": { "num": "145", "date_time": "13 листопада 2025 23:50 – 14 листопада 2025 05:01 (UTC+2)", "place": "Деснянський р-н, вул. О. де Бальзака, 14[323]", "wapen": "Дрон-камікадзе", "die": "1 особа[324][325][326]", "injure": "36[327][328]", "damage": "Пошкоджено 18-поверхівку Т-2", "lat": 50.506111, "log": 30.586861 }, "geometry": { "type": "Point", "coordinates": [ 30.586861, 50.506111 ] } },
{ "type": "Feature", "properties": { "num": "146", "date_time": "13 листопада 2025 23:50 – 14 листопада 2025 05:01 (UTC+2)", "place": "Деснянський р-н, просп. Лісовий, 25-А[329]", "wapen": "Дрон-камікадзе", "die": "6 осіб[330][331][332][333][334]", "injure": null, "damage": "Руйнація перекриття між кількома поверхами та пожежа на 5–9 поверхах житлового будинку 1-КГ-480-10", "lat": 50.483167, "log": 30.631111 }, "geometry": { "type": "Point", "coordinates": [ 30.631111, 50.483167 ] } },
{ "type": "Feature", "properties": { "num": "147", "date_time": "13 листопада 2025 23:50 – 14 листопада 2025 05:01 (UTC+2)", "place": "Дніпровський р-н, вул. Каунаська, 14", "wapen": "Дрон-камікадзе", "die": "—", "injure": null, "damage": "Загоряння двох квартир на першому поверсі п'ятиповерхівки 1-480-13кд площею 50 м²", "lat": 50.433306, "log": 30.627194 }, "geometry": { "type": "Point", "coordinates": [ 30.627194, 50.433306 ] } },
{ "type": "Feature", "properties": { "num": "148", "date_time": "13 листопада 2025 23:50 – 14 листопада 2025 05:01 (UTC+2)", "place": "Дніпровський р-н, вул. Микільсько-Слобідська, 8[335]", "wapen": "Дрон-камікадзе", "die": "—", "injure": null, "damage": "Пошкоджено ЖК «Русанівська Гавань»", "lat": 50.459556, "log": 30.583917 }, "geometry": { "type": "Point", "coordinates": [ 30.583917, 50.459556 ] } },
{ "type": "Feature", "properties": { "num": "149", "date_time": "13 листопада 2025 23:50 – 14 листопада 2025 05:01 (UTC+2)", "place": "Оболонський р-н, вул. Героїв Дніпра, 16-А", "wapen": "Дрон-камікадзе", "die": "—", "injure": null, "damage": "Пожежа на трьох верхніх поверхах в 9-поверховому житловому будинку 111-96", "lat": 50.518222, "log": 30.4925 }, "geometry": { "type": "Point", "coordinates": [ 30.4925, 50.518222 ] } },
{ "type": "Feature", "properties": { "num": "150", "date_time": "13 листопада 2025 23:50 – 14 листопада 2025 05:01 (UTC+2)", "place": "Подільський р-н, вул. Вишгородська, 45[336]", "wapen": "Дрон-камікадзе", "die": "—", "injure": null, "damage": "Пошкоджено ЖК «Паркове місто»", "lat": 50.511167, "log": 30.448583 }, "geometry": { "type": "Point", "coordinates": [ 30.448583, 50.511167 ] } },
{ "type": "Feature", "properties": { "num": "151", "date_time": "13 листопада 2025 23:50 – 14 листопада 2025 05:01 (UTC+2)", "place": "Подільський р-н, вул. Кирилівська, 107[337]", "wapen": "Дрон-камікадзе", "die": "—", "injure": null, "damage": "Пошкоджено амбулаторію № 4 КНП «ЦПМСД № 1» Подільського району", "lat": 50.484667, "log": 30.473583 }, "geometry": { "type": "Point", "coordinates": [ 30.473583, 50.484667 ] } },
{ "type": "Feature", "properties": { "num": "152", "date_time": "13 листопада 2025 23:50 – 14 листопада 2025 05:01 (UTC+2)", "place": "Подільський р-н, вул. В. Некрасова, 12-А, корп. 2[338]", "wapen": "Дрон-камікадзе", "die": "—", "injure": null, "damage": "Пошкоджено ЖК «Діброва Парк»", "lat": 50.489972, "log": 30.422028 }, "geometry": { "type": "Point", "coordinates": [ 30.422028, 50.489972 ] } },
{ "type": "Feature", "properties": { "num": "153", "date_time": "13 листопада 2025 23:50 – 14 листопада 2025 05:01 (UTC+2)", "place": "Святошинський р-н, просп. Академіка Палладіна, 20", "wapen": "Дрон-камікадзе", "die": "—", "injure": null, "damage": "Займання на верхніх поверхах 23-поверхівки", "lat": 50.461056, "log": 30.357139 }, "geometry": { "type": "Point", "coordinates": [ 30.357139, 50.461056 ] } },
{ "type": "Feature", "properties": { "num": "154", "date_time": "13 листопада 2025 23:50 – 14 листопада 2025 05:01 (UTC+2)", "place": "Шевченківський р-н, вул. Глибочицька, 13", "wapen": "Ракета", "die": "—", "injure": null, "damage": "Пошкоджено сквер ім. Гейдара Алієва та автомобілі у дворі ЖК «Львівський квартал»", "lat": 50.461583, "log": 30.490167 }, "geometry": { "type": "Point", "coordinates": [ 30.490167, 50.461583 ] } },
{ "type": "Feature", "properties": { "num": "155", "date_time": "13 листопада 2025 23:50 – 14 листопада 2025 05:01 (UTC+2)", "place": "Шевченківський р-н, вул. Зоологічна, 3[339]", "wapen": "Дрон-камікадзе", "die": "—", "injure": null, "damage": "Пошкоджено два корпуси Інституту отоларингології ім. проф. О. С. Коломійченка НАМН України", "lat": 50.455861, "log": 30.460222 }, "geometry": { "type": "Point", "coordinates": [ 30.460222, 50.455861 ] } },
{ "type": "Feature", "properties": { "num": "156", "date_time": "25 листопада 2025 00:52–03:19 та 05:36–08:33 (UTC+2)", "place": "Дарницький р-н, вул. Колекторна[340]", "wapen": "Дрон-камікадзе", "die": "—", "injure": "21[341][342][343]", "damage": "Пошкоджено типографію «Від А до Я»", "lat": 50.395278, "log": 30.66825 }, "geometry": { "type": "Point", "coordinates": [ 30.66825, 50.395278 ] } },
{ "type": "Feature", "properties": { "num": "157", "date_time": "25 листопада 2025 00:52–03:19 та 05:36–08:33 (UTC+2)", "place": "Дарницький р-н, вул. Привокзальна, 1", "wapen": "Дрон-камікадзе", "die": "—", "injure": null, "damage": "Пошкоджено рухомий склад на залізничній станції «Дарниця»", "lat": 50.433083, "log": 30.648389 }, "geometry": { "type": "Point", "coordinates": [ 30.648389, 50.433083 ] } },
{ "type": "Feature", "properties": { "num": "159", "date_time": "25 листопада 2025 00:52–03:19 (UTC+2)", "place": "Дніпровський р-н, вул. Ентузіастів, 41[346]", "wapen": "Дрон-камікадзе", "die": "2 особи[347][348]", "injure": null, "damage": "Пожежа у будинку 1-КГ-480-12у на рівні 6–9 поверхів", "lat": 50.443361, "log": 30.596167 }, "geometry": { "type": "Point", "coordinates": [ 30.596167, 50.443361 ] } },
{ "type": "Feature", "properties": { "num": "160", "date_time": "25 листопада 2025 00:52–03:19 (UTC+2)", "place": "Печерський р-н, вул. Д. Маккейна, 7[349][350]", "wapen": "Дрон-камікадзе", "die": "—", "injure": null, "damage": "Пошкодження 24-поверхового будинку ЖК «Централ Парк» на рівні 4-7 поверхів", "lat": 50.415611, "log": 30.530278 }, "geometry": { "type": "Point", "coordinates": [ 30.530278, 50.415611 ] } },
{ "type": "Feature", "properties": { "num": "161", "date_time": "25 листопада 2025 05:36–08:33 (UTC+2)", "place": "Святошинський р-н, вул. М. Трублаїні[351]", "wapen": "Ракета", "die": "4 особи", "injure": null, "damage": "Пошкоджено логістичний центр «Novus» та сідлові автопоїзда", "lat": 50.403639, "log": 30.420389 }, "geometry": { "type": "Point", "coordinates": [ 30.420389, 50.403639 ] } },
{ "type": "Feature", "properties": { "num": "162", "date_time": "29 листопада 2025 ~07:00", "place": "Дарницький р-н, вул. Тростянецька, 4/вул. Архітектора Вербицького, 2[353]", "wapen": "Дрон-камікадзе", "die": "—", "injure": "37", "damage": "Пошкоджено приміщення київської філії театрально-танцювальної студії «Артес»", "lat": 50.414389, "log": 30.649528 }, "geometry": { "type": "Point", "coordinates": [ 30.649528, 50.414389 ] } },
{ "type": "Feature", "properties": { "num": "163", "date_time": "28 листопада 2025 22:56 – 29 листопада 2025 09:27", "place": "Дарницький р-н, вул. Регенераторна, 4[354]", "wapen": "Дрон-камікадзе", "die": "—", "injure": null, "damage": "Пошкоджено ЖК «Комфорт Таун»", "lat": 50.434139, "log": 30.623111 }, "geometry": { "type": "Point", "coordinates": [ 30.623111, 50.434139 ] } },
{ "type": "Feature", "properties": { "num": "164", "date_time": "28 листопада 2025 22:56 – 29 листопада 2025 09:27", "place": "Дарницький р-н, Харківське шосе, 21[355]", "wapen": "Дрон-камікадзе", "die": "1 особа[356]", "injure": null, "damage": "Загоряння на 6–9 поверхах житлової дев'ятиповерхівки 1-480А-ВК9", "lat": 50.426778, "log": 30.639639 }, "geometry": { "type": "Point", "coordinates": [ 30.639639, 50.426778 ] } },
{ "type": "Feature", "properties": { "num": "165", "date_time": "28 листопада 2025 22:56 – 29 листопада 2025 09:27", "place": "Святошинський р-н, вул. Ґалаґанівська, 18[355]", "wapen": "Дрон-камікадзе", "die": "2 особи[357][358]", "injure": null, "damage": "Пошкодження 3-поверхової «сталінки», павільйони СТБ[359]", "lat": 50.452889, "log": 30.397944 }, "geometry": { "type": "Point", "coordinates": [ 30.397944, 50.452889 ] } },
{ "type": "Feature", "properties": { "num": "166", "date_time": "28 листопада 2025 22:56 – 29 листопада 2025 09:27", "place": "Солом'янський р-н, просп. Повітряних Сил, 56[360]", "wapen": "Дрон-камікадзе", "die": "—", "injure": null, "damage": "Частково зруйновано фасад з 1 по 3 поверх у 25-поверховому будинку ЖК «Ok’Land»", "lat": 50.423583, "log": 30.454583 }, "geometry": { "type": "Point", "coordinates": [ 30.454583, 50.423583 ] } },
{ "type": "Feature", "properties": { "num": "167", "date_time": "28 листопада 2025 22:56 – 29 листопада 2025 09:27", "place": "Шевченківський р-н, вул. Олександрівська, 1", "wapen": "Дрон-камікадзе", "die": "—", "injure": null, "damage": "Пошкоджено ЖК «Глорія Парк»", "lat": 50.459444, "log": 30.400917 }, "geometry": { "type": "Point", "coordinates": [ 30.400917, 50.459444 ] } },
{ "type": "Feature", "properties": { "num": "168", "date_time": "23 грудня 2025 ~08:48 (UTC+2)", "place": "Святошинський р-н, вул. Мрії, 11-А[362][363]", "wapen": "Дрон-камікадзе", "die": "1 особа[364]", "injure": "4[365]", "damage": "Пошкоджено дах житлової 5-поверхівки 1-464А-1", "lat": 50.481972, "log": 30.394278 }, "geometry": { "type": "Point", "coordinates": [ 30.394278, 50.481972 ] } },
{ "type": "Feature", "properties": { "num": "170", "date_time": "27 грудня 2025 01:27–11:21 (UTC+2)", "place": "Дарницький р-н, вул. А. Галика[367][368]", "wapen": "Дрон-камікадзе", "die": "—", "injure": null, "damage": "Пошкоджено садові будинки", "lat": 50.391444, "log": 30.600583 }, "geometry": { "type": "Point", "coordinates": [ 30.600583, 50.391444 ] } },
{ "type": "Feature", "properties": { "num": "171", "date_time": "27 грудня 2025 01:27–11:21 (UTC+2)", "place": "Дарницький р-н, вул. Зарічна, 2", "wapen": "Дрон-камікадзе", "die": "—", "injure": null, "damage": "Пошкодження верхніх поверхів 12-поверхового будинку ЖК «Славутич»", "lat": 50.395083, "log": 30.605472 }, "geometry": { "type": "Point", "coordinates": [ 30.605472, 50.395083 ] } },
{ "type": "Feature", "properties": { "num": "172", "date_time": "27 грудня 2025 01:27–11:21 (UTC+2)", "place": "Дарницький р-н, вул. Урлівська, 34[370]", "wapen": "Дрон-камікадзе", "die": "—", "injure": null, "damage": "Пошкодження скління вікон та фасадних частин 25-поверхівки КТУ", "lat": 50.410528, "log": 30.617917 }, "geometry": { "type": "Point", "coordinates": [ 30.617917, 50.410528 ] } },
{ "type": "Feature", "properties": { "num": "173", "date_time": "27 грудня 2025 01:27–11:21 (UTC+2)", "place": "Деснянський р-н, вул. Мілютенка[370]", "wapen": "Дрон-камікадзе", "die": "—", "injure": null, "damage": "Пошкодження 9-поверхівок 1-КГ-480-52", "lat": 50.469333, "log": 30.631667 }, "geometry": { "type": "Point", "coordinates": [ 30.631667, 50.469333 ] } },
{ "type": "Feature", "properties": { "num": "174", "date_time": "27 грудня 2025 01:27–11:21 (UTC+2)", "place": "Дніпровський р-н, вул. Г. Хоткевича, 8[371][372][373]", "wapen": "Дрон-камікадзе", "die": "1 особа", "injure": null, "damage": "Руйнування несучих конструкцій (міжповерхових перекриттів та стін) житлової 23-поверхівки на рівні 4–6 поверхів", "lat": 50.45675, "log": 30.63175 }, "geometry": { "type": "Point", "coordinates": [ 30.63175, 50.45675 ] } },
{ "type": "Feature", "properties": { "num": "175", "date_time": "27 грудня 2025 01:27–11:21 (UTC+2)", "place": "Дніпровський р-н, вул. Каховська, 62-А[374]", "wapen": "Дрон-камікадзе", "die": "71-річний чоловік", "injure": null, "damage": "Руйнування на 7–9 поверхах 26-поверхового будинку у ЖК «Каховська»", "lat": 50.462333, "log": 30.593111 }, "geometry": { "type": "Point", "coordinates": [ 30.593111, 50.462333 ] } },
{ "type": "Feature", "properties": { "num": "176", "date_time": "27 грудня 2025 01:27–11:21 (UTC+2)", "place": "Дніпровський р-н, вул. П. Усенка, 6[375][376][377]", "wapen": "Дрон-камікадзе", "die": null, "injure": null, "damage": "Пошкоджено Дарницьке трамвайне депо, ЖК «Дніпровська Мрія» та БЦ «Прага»", "lat": 50.443889, "log": 30.633389 }, "geometry": { "type": "Point", "coordinates": [ 30.633389, 50.443889 ] } },
{ "type": "Feature", "properties": { "num": "177", "date_time": "27 грудня 2025 01:27–11:21 (UTC+2)", "place": "Дніпровський р-н, оз. Тельбин[378][379]", "wapen": "Ракета", "die": "—", "injure": null, "damage": null, "lat": 50.42475, "log": 30.610389 }, "geometry": { "type": "Point", "coordinates": [ 30.610389, 50.42475 ] } },
{ "type": "Feature", "properties": { "num": "179", "date_time": "27 грудня 2025 01:27–11:21 (UTC+2)", "place": "Солом'янський р-н, вул. Ніжинська, 29-Д[380]", "wapen": "Дрон-камікадзе", "die": "—", "injure": null, "damage": "Пошкоджено гуртожиток № 11 ДУ «КАІ»", "lat": 50.437944, "log": 30.44 }, "geometry": { "type": "Point", "coordinates": [ 30.44, 50.437944 ] } },
{ "type": "Feature", "properties": { "num": "180", "date_time": "27 грудня 2025 01:27–11:21 (UTC+2)", "place": "Шевченківський р-н, просп. Берестейський, 10[381]", "wapen": "Дрон-камікадзе", "die": "—", "injure": null, "damage": "Пошкоджено адмінбудівлю МОН України", "lat": 50.449167, "log": 30.485583 }, "geometry": { "type": "Point", "coordinates": [ 30.485583, 50.449167 ] } },
{ "type": "Feature", "properties": { "num": "181", "date_time": "27 грудня 2025 01:27–11:21 (UTC+2)", "place": "Шевченківський р-н, вул. Зоологічна, 6-В[382]", "wapen": "Дрон-камікадзе", "die": "—", "injure": null, "damage": "Пошкоджено 10-поверховий житловий будинок серії 182 «Мобіль»", "lat": 50.4595, "log": 30.465472 }, "geometry": { "type": "Point", "coordinates": [ 30.465472, 50.4595 ] } },
{ "type": "Feature", "properties": { "num": "182", "date_time": "27 грудня 2025 ~11:00 (UTC+2)", "place": "Шевченківський р-н, вул. О. Теліги, 7[383]", "wapen": "Дрон-камікадзе", "die": "—", "injure": null, "damage": "Руйнування покрівельних конструкцій у житловій 5-поверхівці 1-438-6", "lat": 50.468111, "log": 30.446389 }, "geometry": { "type": "Point", "coordinates": [ 30.446389, 50.468111 ] } },
{ "type": "Feature", "properties": { "num": "1", "date_time": "5 січня 2026 ~02:40 (UTC+2)", "place": "Оболонський р-н, наб. Оболонська, 9[6]", "wapen": "Дрон-камікадзе Shahed 131/136", "die": "1 особа[7]", "injure": "4", "damage": "Пошкоджено клініку «Медіком»", "lat": 50.494806, "log": 30.524111 }, "geometry": { "type": "Point", "coordinates": [ 30.524111, 50.494806 ] } },
{ "type": "Feature", "properties": { "num": "2", "date_time": "8 січня 2026 23:26 – 9 січня 2026 04:36 (UTC+2)", "place": "Дарницький р-н, просп. М. Бажана, 16[8]", "wapen": "Подвійний удар дронами-камікадзе", "die": "2 медик екстреної допомоги та пожежний-рятувальник[9][10][11][12][13][14]", "injure": "9[15]", "damage": "Пошкодження на рівні 10–12 поверхів 18-поверхового житлового будинку", "lat": 50.395944, "log": 30.625972 }, "geometry": { "type": "Point", "coordinates": [ 30.625972, 50.395944 ] } },
{ "type": "Feature", "properties": { "num": "3", "date_time": "8 січня 2026 23:26 – 9 січня 2026 04:36 (UTC+2)", "place": "Дарницький р-н, вул. Драгоманова, 6-А[16]", "wapen": "Дрон-камікадзе", "die": "—", "injure": "16[8]", "damage": "Руйнування міжповерхових перекриттів та стін на 11–13 поверхах 23-поверхівки", "lat": 50.414861, "log": 30.633417 }, "geometry": { "type": "Point", "coordinates": [ 30.633417, 50.414861 ] } },
{ "type": "Feature", "properties": { "num": "31", "date_time": "8 січня 2026 23:26 – 9 січня 2026 04:36 (UTC+2)", "place": "Дарницький р-н, просп. П. Григоренка, 12", "wapen": "Дрон-камікадзе", "die": null, "injure": null, "damage": "Пошкоджено дах житлової 23-поверхівки", "lat": 50.4125, "log": 30.623333 }, "geometry": { "type": "Point", "coordinates": [ 30.623333, 50.4125 ] } },
{ "type": "Feature", "properties": { "num": "4", "date_time": "8 січня 2026 23:26 – 9 січня 2026 04:36 (UTC+2)", "place": "Дарницький р-н, вул. Срібнокільська, 24[17]", "wapen": "Дрон-камікадзе", "die": "—", "injure": null, "damage": "Наскрізний отвір між 17–18 поверхами житлової 19-поверхівки", "lat": 50.401083, "log": 30.618056 }, "geometry": { "type": "Point", "coordinates": [ 30.618056, 50.401083 ] } },
{ "type": "Feature", "properties": { "num": "6", "date_time": "8 січня 2026 23:26 – 9 січня 2026 04:36 (UTC+2)", "place": "Деснянський р-н, вул. Каштанова, 15[19]", "wapen": "Дрон-камікадзе", "die": "—", "injure": null, "damage": "Пошкоджено дах житлової 18-поверхівки КТ-16", "lat": 50.503222, "log": 30.58225 }, "geometry": { "type": "Point", "coordinates": [ 30.58225, 50.503222 ] } },
{ "type": "Feature", "properties": { "num": "7", "date_time": "8 січня 2026 23:26 – 9 січня 2026 04:36 (UTC+2)", "place": "Деснянський р-н, вул. Кубанської України, 28[20]", "wapen": "Дрон-камікадзе", "die": "—", "injure": null, "damage": "Пошкодження скління вікон 9-поверхівки 1у-438А-43", "lat": 50.486722, "log": 30.63425 }, "geometry": { "type": "Point", "coordinates": [ 30.63425, 50.486722 ] } },
{ "type": "Feature", "properties": { "num": "8", "date_time": "8 січня 2026 23:26 – 9 січня 2026 04:36 (UTC+2)", "place": "Дніпровський р-н, вул. П. Куліша, 17[21]", "wapen": "Дрон-камікадзе", "die": "—", "injure": null, "damage": "Пошкоджено техповерх 16-поверхового багатоквартирного будинку БПС-6", "lat": 50.46025, "log": 30.59175 }, "geometry": { "type": "Point", "coordinates": [ 30.59175, 50.46025 ] } },
{ "type": "Feature", "properties": { "num": "9", "date_time": "8 січня 2026 23:26 – 9 січня 2026 04:36 (UTC+2)", "place": "Дніпровський р-н, вул. Ю. Поправки, 13[22]", "wapen": "Дрон-камікадзе", "die": "—", "injure": null, "damage": "Частково зруйновано дах та квартири триповерхового житлового будинку 1-228-8", "lat": 50.455306, "log": 30.628028 }, "geometry": { "type": "Point", "coordinates": [ 30.628028, 50.455306 ] } },
{ "type": "Feature", "properties": { "num": "10", "date_time": "8 січня 2026 23:26 – 9 січня 2026 04:36 (UTC+2)", "place": "Дніпровський р-н, вул. Регенераторна, 4[23]", "wapen": "Дрон-камікадзе", "die": "3 особи[8]", "injure": null, "damage": "Пошкоджено житловий будинок ЖК «Комфорт Таун»", "lat": 50.434472, "log": 30.616667 }, "geometry": { "type": "Point", "coordinates": [ 30.616667, 50.434472 ] } },
{ "type": "Feature", "properties": { "num": "11", "date_time": "8 січня 2026 23:26 – 9 січня 2026 04:36 (UTC+2)", "place": "Печерський р-н, вул. Новоселицька, 10[24][25]", "wapen": "Дрон-камікадзе", "die": "—", "injure": null, "damage": "Пошкоджено фасад ЖК «Ренесанс Резиденс», посольство Катару", "lat": 50.408417, "log": 30.555667 }, "geometry": { "type": "Point", "coordinates": [ 30.555667, 50.408417 ] } },
{ "type": "Feature", "properties": { "num": "12", "date_time": "8 січня 2026 23:26 – 9 січня 2026 04:36 (UTC+2)", "place": "Печерський р-н, вул. Предславинська, 22[26]", "wapen": "Дрон-камікадзе", "die": "—", "injure": null, "damage": "Пошкоджено житловий будинок БФК «Метрополь»", "lat": 50.424917, "log": 30.52025 }, "geometry": { "type": "Point", "coordinates": [ 30.52025, 50.424917 ] } },
{ "type": "Feature", "properties": { "num": "13", "date_time": "8 січня 2026 23:26 – 9 січня 2026 04:36 (UTC+2)", "place": "Шевченківський р-н, вул. Салютна, 2[27][28]", "wapen": "Дрон-камікадзе", "die": "—", "injure": null, "damage": "Пошкоджено житловий будинок ЖК «Файна Таун»", "lat": 50.471583, "log": 30.403139 }, "geometry": { "type": "Point", "coordinates": [ 30.403139, 50.471583 ] } },
{ "type": "Feature", "properties": { "num": "15", "date_time": "12 січня 2026 01:24–01:56 (UTC+2)", "place": "Солом'янський р-н, пров. Ковальський[31][32]", "wapen": "Дрон-камікадзе", "die": "—", "injure": "—", "damage": "Деструкція складу з подальшим горінням, локальна пожежа за іншою адресою", "lat": 50.449944, "log": 30.445556 }, "geometry": { "type": "Point", "coordinates": [ 30.445556, 50.449944 ] } },
{ "type": "Feature", "properties": { "num": "17", "date_time": "15 січня 2026 06:40–07:00 (UTC+2)", "place": "Солом'янський р-н, вул. М. Амосова, 4[35][36]", "wapen": "Дрон-камікадзе", "die": "—", "injure": "—", "damage": "Руйнування 4 м² стіни на техповерсі 17-поверхівки", "lat": 50.419278, "log": 30.495167 }, "geometry": { "type": "Point", "coordinates": [ 30.495167, 50.419278 ] } },
{ "type": "Feature", "properties": { "num": "19", "date_time": "20 січня 2026 ~01:58 (UTC+2)", "place": "Дніпровський р-н, б-р І. Шамо[37]", "wapen": "Дрон-камікадзе", "die": "—", "injure": "1", "damage": "Пошкоджено 10 автівок, скління вікон гімназії № 182 та двох багатоповерхівок", "lat": 50.441472, "log": 30.59725 }, "geometry": { "type": "Point", "coordinates": [ 30.59725, 50.441472 ] } },
{ "type": "Feature", "properties": { "num": "21", "date_time": "24 січня 2026 ~01:30 (UTC+2)", "place": "Голосіївський р-н, просп. Науки, 1/просп. Голосіївський, 5[40]", "wapen": "Дрон-камікадзе", "die": "1 особа", "injure": "2", "damage": "Частково зруйновано виробничий цех кондитерської фабрики «Рошен»", "lat": 50.40675, "log": 30.522139 }, "geometry": { "type": "Point", "coordinates": [ 30.522139, 50.40675 ] } },
{ "type": "Feature", "properties": { "num": "22", "date_time": "24 січня 2026 01:02–04:53 (UTC+2)", "place": "Дарницький р-н, наб. Дніпровська", "wapen": "Дрон-камікадзе", "die": "—", "injure": "2[41]", "damage": "Пошкодження скління вікон в ЖК «Ґрейт»", "lat": 50.411278, "log": 30.597833 }, "geometry": { "type": "Point", "coordinates": [ 30.597833, 50.411278 ] } },
{ "type": "Feature", "properties": { "num": "23", "date_time": "24 січня 2026 01:02–04:53 (UTC+2)", "place": "Дарницький р-н, вул. Старобориспільська[42]", "wapen": "Дрон-камікадзе", "die": "—", "injure": null, "damage": "Пошкоджено житловий будинок ЖК «Чарівне місто» на рівні 7-8 поверхів", "lat": 50.411139, "log": 30.697972 }, "geometry": { "type": "Point", "coordinates": [ 30.697972, 50.411139 ] } },
{ "type": "Feature", "properties": { "num": "24", "date_time": "24 січня 2026 ~02:00 (UTC+2)", "place": "Дніпровський р-н, вул. Г. Хоткевича[43]", "wapen": "Балістична ракета з ОТРК «Іскандер-М»[44]", "die": "—", "injure": null, "damage": "Вигоріли 4 вантажівки (у т.ч. 2 бензовози) на території АТП", "lat": 50.443111, "log": 30.643 }, "geometry": { "type": "Point", "coordinates": [ 30.643, 50.443111 ] } },
{ "type": "Feature", "properties": { "num": "25", "date_time": "24 січня 2026 01:02–04:53 (UTC+2)", "place": "Дніпровський р-н, вул. Березняківська[42]", "wapen": "Дрон-камікадзе", "die": "—", "injure": null, "damage": "Руйнування в гаражному кооперативі", "lat": 50.426111, "log": 30.615889 }, "geometry": { "type": "Point", "coordinates": [ 30.615889, 50.426111 ] } },
{ "type": "Feature", "properties": { "num": "26", "date_time": "24 січня 2026 01:02–04:53 (UTC+2)", "place": "Оболонський р-н, оз. Кирилівське[45]", "wapen": "Дрон-камікадзе", "die": "—", "injure": null, "damage": null, "lat": 50.497417, "log": 30.495111 }, "geometry": { "type": "Point", "coordinates": [ 30.495111, 50.497417 ] } },
{ "type": "Feature", "properties": { "num": "28", "date_time": "28 січня 2026 01:01–02:40 (UTC+2)", "place": "Голосіївський р-н, вул. Васильківська, 18[47]", "wapen": "Дрон-камікадзе", "die": "—", "injure": "—", "damage": "Пошкоджено фасад та покрівлю 18-поверхівки", "lat": 50.396167, "log": 30.500778 }, "geometry": { "type": "Point", "coordinates": [ 30.500778, 50.396167 ] } },
{ "type": "Feature", "properties": { "num": "29", "date_time": "3 лютого 2026 00:24–07:44 (UTC+2)", "place": "Дарницький р-н, вул. Вірменська, 8/Харківське шосе, 127[50]", "wapen": "Дрон-камікадзе", "die": "—", "injure": "6", "damage": "Пошкодження перегородок та скління верхнього поверху незаселеного ЖК «Метрополія-2»", "lat": 50.407639, "log": 30.672667 }, "geometry": { "type": "Point", "coordinates": [ 30.672667, 50.407639 ] } },
{ "type": "Feature", "properties": { "num": "30", "date_time": "3 лютого 2026 ~01:00 (UTC+2)", "place": "Дніпровський р-н, б-р Я. Гашека, 17/2[51][52]", "wapen": "Дрон-камікадзе", "die": "—", "injure": null, "damage": "Руйнування фрагменту зовнішньої стіни п'ятиповерхівки 1-480-15к, скління гімназії № 126", "lat": 50.439611, "log": 30.632111 }, "geometry": { "type": "Point", "coordinates": [ 30.632111, 50.439611 ] } },
{ "type": "Feature", "properties": { "num": "31", "date_time": "3 лютого 2026 00:24–07:44 (UTC+2)", "place": "Дніпровський р-н, вул. Г. Хоткевича, 20[53][54]", "wapen": "5 балістичних ракет", "die": "—", "injure": null, "damage": "Руйнування ТЕЦ-4, припинено теплопостачання 1170 багатоповерхівок у Дарницькому та Дніпровському районах[55]", "lat": 50.446222, "log": 30.642944 }, "geometry": { "type": "Point", "coordinates": [ 30.642944, 50.446222 ] } },
{ "type": "Feature", "properties": { "num": "32", "date_time": "3 лютого 2026 00:24–07:44 (UTC+2)", "place": "Печерський р-н, б-р М. Міхновського, 42[56][57][58]", "wapen": "Дрон-камікадзе", "die": "—", "injure": null, "damage": "Пошкоджена будівля АЗС, 4 автомобілі, ЛЕП, монумент «Батьківщина-Мати»", "lat": 50.424083, "log": 30.563583 }, "geometry": { "type": "Point", "coordinates": [ 30.563583, 50.424083 ] } },
{ "type": "Feature", "properties": { "num": "33", "date_time": "3 лютого 2026 00:24–07:44 (UTC+2)", "place": "Шевченківський р-н, пров. Несторівський , 6[59]", "wapen": "Дрон-камікадзе", "die": "—", "injure": null, "damage": "Пожежа площею 90 м² на 16–17 поверхах 23-поверхового будинку", "lat": 50.456861, "log": 30.503972 }, "geometry": { "type": "Point", "coordinates": [ 30.503972, 50.456861 ] } },
{ "type": "Feature", "properties": { "num": "34", "date_time": "5 лютого 2026 01:53–04:21 (UTC+2)", "place": "Оболонський р-н, вул. Полярна[60]", "wapen": "Дрон-камікадзе", "die": "—", "injure": "—", "damage": "Загоряння двох автомобілів поблизу паркомайданчика", "lat": 50.519417, "log": 30.45675 }, "geometry": { "type": "Point", "coordinates": [ 30.45675, 50.519417 ] } },
{ "type": "Feature", "properties": { "num": "35", "date_time": "5 лютого 2026 ~02:00 (UTC+2)", "place": "Солом'янський р-н, вул. О. Тихого[61]", "wapen": "Дрон-камікадзе", "die": "—", "injure": "2", "damage": "Пошкоджені фасади будівель та припарковані в дворах автомобілі", "lat": 50.448944, "log": 30.437556 }, "geometry": { "type": "Point", "coordinates": [ 30.437556, 50.448944 ] } },
{ "type": "Feature", "properties": { "num": "36", "date_time": "5 лютого 2026 01:53–04:21 (UTC+2)", "place": "Шевченківський р-н, вул. Н. Забіли, 3[62]", "wapen": "Дрон-камікадзе", "die": "—", "injure": "—", "damage": "Загоряння покрівлі 4-поверхової офісної будівлі, постраждала НБУ для дітей", "lat": 50.469667, "log": 30.421667 }, "geometry": { "type": "Point", "coordinates": [ 30.421667, 50.469667 ] } },
{ "type": "Feature", "properties": { "num": "37", "date_time": "12 лютого 2026 02:15–05:20 (UTC+2)", "place": "Дарницький р-н, вул. Ревуцького, 17[63]", "wapen": "Дрон-камікадзе", "die": "—", "injure": "2", "damage": "Часткове пошкодження фасадів 10- та 16-поверхових будинків серій КП та Т-4", "lat": 50.416972, "log": 30.646028 }, "geometry": { "type": "Point", "coordinates": [ 30.646028, 50.416972 ] } },
{ "type": "Feature", "properties": { "num": "38", "date_time": "12 лютого 2026 02:15–05:20 (UTC+2)", "place": "Дніпровський р-н, вул. Березнева, 16[64]", "wapen": "Дрон-камікадзе", "die": "—", "injure": null, "damage": "Пошкоджено 9-поверхівку ЖК «Комфорт Таун» та припарковані у дворі автомобілі", "lat": 50.431944, "log": 30.620083 }, "geometry": { "type": "Point", "coordinates": [ 30.620083, 50.431944 ] } },
{ "type": "Feature", "properties": { "num": "39", "date_time": "12 лютого 2026 02:15–05:20 (UTC+2)", "place": "Дніпровський р-н, вул. Русанівська набережна, 8[64]", "wapen": "Дрон-камікадзе", "die": "—", "injure": null, "damage": "Горіння уламків дрона у дворі багатоквартирного будинку", "lat": 50.437083, "log": 30.592417 }, "geometry": { "type": "Point", "coordinates": [ 30.592417, 50.437083 ] } },
{ "type": "Feature", "properties": { "num": "40", "date_time": "22 лютого 2026 03:56–07:57 (UTC+2)", "place": "Дніпровський р-н, просп. Л. Каденюка, 2-А[65][66]", "wapen": "Фрагмент балістичної ракети з ОТРК «Іскандер-М»", "die": "—", "injure": "—", "damage": "—", "lat": 50.443389, "log": 30.626861 }, "geometry": { "type": "Point", "coordinates": [ 30.626861, 50.443389 ] } },
{ "type": "Feature", "properties": { "num": "41", "date_time": "26 лютого 2026 03:31–06:44 (UTC+2)", "place": "Печерський р-н, вул. Звіринецька, 78[68]", "wapen": "Дрон-камікадзе", "die": "—", "injure": "—", "damage": "Часткова руйнація садиби з подальшим загоранням на площі 30 м²", "lat": 50.404111, "log": 30.557056 }, "geometry": { "type": "Point", "coordinates": [ 30.557056, 50.404111 ] } },
{ "type": "Feature", "properties": { "num": "44", "date_time": "16 квітня 2026 02:31–05:02 (UTC+3)", "place": "Оболонський р-н, просп. С. Бандери, 22[77]", "wapen": "Подвійний удар ракетами", "die": "2 особи[78][79]", "injure": "7[80][81]", "damage": "Загорання припаркованих автомобілів, пошкоджено поряд розташовану складську будівлю, шиномонтаж та будівлю магазину", "lat": 50.487111, "log": 30.508833 }, "geometry": { "type": "Point", "coordinates": [ 30.508833, 50.487111 ] } },
{ "type": "Feature", "properties": { "num": "45", "date_time": "16 квітня 2026 02:31–05:02 (UTC+3)", "place": "Подільський р-н, вул. І. Виговського, 10[82]", "wapen": "Ракета", "die": "1 дитина[83][84]", "injure": "55[85][86]", "damage": "Руйнування та пожежа у нежитлових будівлях, пошкоджено ЖК «Сирецькі сади»", "lat": 50.485389, "log": 30.415528 }, "geometry": { "type": "Point", "coordinates": [ 30.415528, 50.485389 ] } },
{ "type": "Feature", "properties": { "num": "46", "date_time": "16 квітня 2026 02:31–05:02 (UTC+3)", "place": "Подільський р-н, вул. І. Виговського, 10[87]", "wapen": "Дрон-камікадзе", "die": "1 особа", "injure": null, "damage": "Пошкодження фасадів двох готелів, прилеглих багатоквартирних та садових будинків", "lat": 50.489, "log": 30.405806 }, "geometry": { "type": "Point", "coordinates": [ 30.405806, 50.489 ] } },
{ "type": "Feature", "properties": { "num": "47", "date_time": "16 квітня 2026 06:26–07:26 (UTC+3)", "place": "Подільський р-н, вул. C. Данченка, 5[88]", "wapen": "Дрон-камікадзе", "die": "35-річна жінка", "injure": null, "damage": "Пожежа на 16-му поверсі ЖК «Крістер град»", "lat": 50.499528, "log": 30.427444 }, "geometry": { "type": "Point", "coordinates": [ 30.427444, 50.499528 ] } },
{ "type": "Feature", "properties": { "num": "48", "date_time": "28 квітня 2026 14:08–14:57 (UTC+3)", "place": "Солом'янський р-н, вул. Західна, 9[89][90]", "wapen": "Дрон-камікадзе", "die": "—", "injure": "1", "damage": "Пожежа на Шулявському кладовищі, пошкоджено вікна у будинках та авто поруч", "lat": 50.443917, "log": 30.43375 }, "geometry": { "type": "Point", "coordinates": [ 30.43375, 50.443917 ] } },
{ "type": "Feature", "properties": { "num": "49", "date_time": "28 квітня 2026 14:08–14:57 (UTC+3)", "place": "Шевченківський р-н, вул. Зоологічна, 7[91][90]", "wapen": "Дрон-камікадзе", "die": "—", "injure": "1", "damage": "Часткове руйнування перекриття на даху ЖК «Кріейтор Сіті», пошкоджено ~10 автівок", "lat": 50.461639, "log": 30.463778 }, "geometry": { "type": "Point", "coordinates": [ 30.463778, 50.461639 ] } },
{ "type": "Feature", "properties": { "num": "50", "date_time": "14 травня 2026 00:50–08:43 (UTC+3)", "place": "Дарницький р-н, вул. Братства тарасівців, 9[96][97][98][99]", "wapen": "Крилата ракета 3М14 (Х-101)[100]", "die": "24 особи (з них 3 дітей)[101][102][103][104][105][106][107]", "injure": "48", "damage": "Зруйновано секцію житлового будинку 111-96", "lat": 50.403306, "log": 30.65525 }, "geometry": { "type": "Point", "coordinates": [ 30.65525, 50.403306 ] } },
{ "type": "Feature", "properties": { "num": "51", "date_time": "14 травня 2026 00:50–08:43 (UTC+3)", "place": "Дарницький р-н, вул. Світла, 1[108]", "wapen": "Дрон-камікадзе", "die": "—", "injure": "—", "damage": "Пошкоджено АЗС мережі «БРСМ-Нафта»", "lat": 50.401056, "log": 30.685833 }, "geometry": { "type": "Point", "coordinates": [ 30.685833, 50.401056 ] } },
{ "type": "Feature", "properties": { "num": "52", "date_time": "14 травня 2026 00:50–08:43 (UTC+3)", "place": "Оболонський р-н, вул. Генерала Гандзюка, 20", "wapen": "Дрон-камікадзе", "die": "—", "injure": "—", "damage": "Пошкоджено ЖК «Бостон Кріейтів Хаус»", "lat": 50.486944, "log": 30.504472 }, "geometry": { "type": "Point", "coordinates": [ 30.504472, 50.486944 ] } },
{ "type": "Feature", "properties": { "num": "53", "date_time": "24 травня 2026 00:32–05:41 (UTC+3)", "place": "Дарницький р-н, вул. Зрошувальна, 14", "wapen": "Дрон-камікадзе", "die": "—", "injure": "92", "damage": "Зруйновано двоповерховий житловий будинок «сталінка»", "lat": 50.431389, "log": 30.679 }, "geometry": { "type": "Point", "coordinates": [ 30.679, 50.431389 ] } },
{ "type": "Feature", "properties": { "num": "54", "date_time": "24 травня 2026 00:32–05:41 (UTC+3)", "place": "Подільський р-н, пров. Хорива, 1", "wapen": "Дрон-камікадзе", "die": "—", "injure": null, "damage": "Зруйновані Національний музей «Чорнобиль» та Головне управління ДСНС України у Київській області", "lat": 50.4665, "log": 30.517306 }, "geometry": { "type": "Point", "coordinates": [ 30.517306, 50.4665 ] } },
{ "type": "Feature", "properties": { "num": "55", "date_time": "24 травня 2026 00:32–05:41 (UTC+3)", "place": "Солом'янський р-н, вул. Освіти, 16-А[109]", "wapen": "Дрон-камікадзе", "die": "—", "injure": null, "damage": "Частково зруйновано 23 поверх 26-поверхового житлового будинку", "lat": 50.423972, "log": 30.466611 }, "geometry": { "type": "Point", "coordinates": [ 30.466611, 50.423972 ] } },
{ "type": "Feature", "properties": { "num": "56", "date_time": "24 травня 2026 00:32–05:41 (UTC+3)", "place": "Шевченківський р-н, вул. Білоруська, 2", "wapen": "Дрон-камікадзе", "die": "—", "injure": null, "damage": "Згоріли ТЦ «Квадрат» та ринок «Лук'янівський», пошкоджено наземний вестибюль станції метро «Лук'янівська»", "lat": 50.462111, "log": 30.481472 }, "geometry": { "type": "Point", "coordinates": [ 30.481472, 50.462111 ] } },
{ "type": "Feature", "properties": { "num": "57", "date_time": "24 травня 2026 00:32–05:41 (UTC+3)", "place": "Шевченківський р-н, вул. Білоруська, 17-А", "wapen": "Дрон-камікадзе", "die": "—", "injure": null, "damage": "Пошкоджено житлову дев'ятиповерхівку", "lat": 50.465083, "log": 30.471444 }, "geometry": { "type": "Point", "coordinates": [ 30.471444, 50.465083 ] } },
{ "type": "Feature", "properties": { "num": "58", "date_time": "24 травня 2026 00:32–05:41 (UTC+3)", "place": "Шевченківський р-н, вул. Дегтярівська, 26", "wapen": "Ракета", "die": "3 особи (жінки)[110]", "injure": null, "damage": "Зруйновано житловий будинок 1-480-15вкб", "lat": 50.462389, "log": 30.471806 }, "geometry": { "type": "Point", "coordinates": [ 30.471806, 50.462389 ] } },
{ "type": "Feature", "properties": { "num": "59", "date_time": "2 червня 2026 01:31–04:39 (UTC+3)", "place": "Голосіївський р-н, вул. Академіка Заболотного, 48-А/12[114]", "wapen": "Дрон-камікадзе", "die": "5 осіб[115][116]", "injure": "90", "damage": "Зруйнована Амбулаторія ЗПСМ № 5 КНП ЦПМСД № 1", "lat": 50.364361, "log": 30.464583 }, "geometry": { "type": "Point", "coordinates": [ 30.464583, 50.364361 ] } },
{ "type": "Feature", "properties": { "num": "60", "date_time": "2 червня 2026 01:31–04:39 (UTC+3)", "place": "Дарницький р-н, вул. Бориспільська[117]", "wapen": null, "die": "Забудько Ірина (померла у лікарні)", "injure": null, "damage": "Пошкоджено АЗС мережі «WOG»", "lat": 50.426278, "log": 30.678028 }, "geometry": { "type": "Point", "coordinates": [ 30.678028, 50.426278 ] } },
{ "type": "Feature", "properties": { "num": "61", "date_time": "2 червня 2026 01:31–04:39 (UTC+3)", "place": "Подільський р-н, просп. Європейського Союзу, 68-В", "wapen": "Ракета", "die": null, "injure": null, "damage": "Пошкоджено житловий будинок 111-134", "lat": 50.506917, "log": 30.429333 }, "geometry": { "type": "Point", "coordinates": [ 30.429333, 50.506917 ] } },
{ "type": "Feature", "properties": { "num": "62", "date_time": "2 червня 2026 01:31–04:39 (UTC+3)", "place": "Подільський р-н, пров. Квітневий", "wapen": "Дрон-камікадзе", "die": null, "injure": null, "damage": "Пожежа на території гаражного комплексу", "lat": 50.499083, "log": 30.429139 }, "geometry": { "type": "Point", "coordinates": [ 30.429139, 50.499083 ] } },
{ "type": "Feature", "properties": { "num": "63", "date_time": "2 червня 2026 01:31–04:39 (UTC+3)", "place": "Подільський р-н, вул. Набережно-Хрещатицька, 4", "wapen": "Дрон-камікадзе", "die": null, "injure": null, "damage": "Пошкоджено автосалон Zeekr", "lat": 50.473333, "log": 30.518278 }, "geometry": { "type": "Point", "coordinates": [ 30.518278, 50.473333 ] } },
{ "type": "Feature", "properties": { "num": "64", "date_time": "2 червня 2026 01:31–04:39 (UTC+3)", "place": "Святошинський р-н, вул. Верховинна, 9", "wapen": "Дрон-камікадзе", "die": null, "injure": null, "damage": "Пошкоджено Податкову інспекція Святошинського району м. Києва", "lat": 50.453, "log": 30.383139 }, "geometry": { "type": "Point", "coordinates": [ 30.383139, 50.453 ] } },
{ "type": "Feature", "properties": { "num": "65", "date_time": "2 червня 2026 01:31–04:39 (UTC+3)", "place": "Солом'янський р-н, вул. Грушецька, 16", "wapen": "Дрон-камікадзе", "die": null, "injure": null, "damage": "Зруйновано склади", "lat": 50.451306, "log": 30.426806 }, "geometry": { "type": "Point", "coordinates": [ 30.426806, 50.451306 ] } },
{ "type": "Feature", "properties": { "num": "66", "date_time": "2 червня 2026 01:31–04:39 (UTC+3)", "place": "Солом'янський р-н, просп. Л. Гузара, 15", "wapen": "Дрон-камікадзе", "die": null, "injure": null, "damage": "Пошкоджено ЖК «Сучасний квартал»", "lat": 50.433111, "log": 30.405083 }, "geometry": { "type": "Point", "coordinates": [ 30.405083, 50.433111 ] } },
{ "type": "Feature", "properties": { "num": "67", "date_time": "2 червня 2026 01:31–04:39 (UTC+3)", "place": "Солом'янський р-н, вул. Кадетський гай, 10", "wapen": "Дрон-камікадзе", "die": null, "injure": null, "damage": "Пошкоджено ЖК «Медовий»", "lat": 50.411056, "log": 30.473944 }, "geometry": { "type": "Point", "coordinates": [ 30.473944, 50.411056 ] } },
{ "type": "Feature", "properties": { "num": "68", "date_time": "2 червня 2026 01:31–04:39 (UTC+3)", "place": "Шевченківський р-н, вул. Дегтярівська, 36", "wapen": null, "die": null, "injure": null, "damage": "Пожежа в адміністративній будівлі", "lat": 50.46325, "log": 30.463167 }, "geometry": { "type": "Point", "coordinates": [ 30.463167, 50.46325 ] } },
{ "type": "Feature", "properties": { "num": "69", "date_time": "2 червня 2026 01:31–04:39 (UTC+3)", "place": "Шевченківський р-н, вул. Ґ. Джонса", "wapen": "Ракета", "die": "5 осіб[118][119]", "injure": null, "damage": "Пошкоджено ЖК «ЮНІТ.Хоум»", "lat": 50.464861, "log": 30.461417 }, "geometry": { "type": "Point", "coordinates": [ 30.461417, 50.464861 ] } },
{ "type": "Feature", "properties": { "num": "70", "date_time": "15 червня 2026 00:38–05:22 (UTC+3)", "place": "Голосіївський р-н, просп. Академіка Глушкова[120]", "wapen": "Дрон-камікадзе", "die": "—", "injure": "38[121]", "damage": "Пошкодження скління вікон у павільйонах Національного експоцентру України", "lat": 50.378222, "log": 30.477306 }, "geometry": { "type": "Point", "coordinates": [ 30.477306, 50.378222 ] } },
{ "type": "Feature", "properties": { "num": "71", "date_time": "15 червня 2026 00:38–05:22 (UTC+3)", "place": "Дарницький р-н, вул. Регенераторна", "wapen": "Дрон-камікадзе", "die": "—", "injure": null, "damage": "Займання в Академії сучасної освіти", "lat": 50.435028, "log": 30.622833 }, "geometry": { "type": "Point", "coordinates": [ 30.622833, 50.435028 ] } },
{ "type": "Feature", "properties": { "num": "72", "date_time": "15 червня 2026 00:38–05:22 (UTC+3)", "place": "Оболонський р-н, вул. Вербова, 19[122]", "wapen": "Дрон-камікадзе", "die": "—", "injure": null, "damage": "Пожежа на дитячому ринку «Почайна»", "lat": 50.4865, "log": 30.489778 }, "geometry": { "type": "Point", "coordinates": [ 30.489778, 50.4865 ] } },
{ "type": "Feature", "properties": { "num": "73", "date_time": "15 червня 2026 00:38–05:22 (UTC+3)", "place": "Оболонський р-н, просп. Оболонський, 2-А", "wapen": "Дрон-камікадзе", "die": "—", "injure": null, "damage": "Займання автомобілів", "lat": 50.499083, "log": 30.501389 }, "geometry": { "type": "Point", "coordinates": [ 30.501389, 50.499083 ] } },
{ "type": "Feature", "properties": { "num": "74", "date_time": "15 червня 2026 00:38–05:22 (UTC+3)", "place": "Печерський р-н, вул. І. Мазепи, 9", "wapen": "Дрон-камікадзе", "die": "—", "injure": null, "damage": "Пошкоджено Успенський собор Печерської Лаври[123][124][125]", "lat": 50.435167, "log": 30.557306 }, "geometry": { "type": "Point", "coordinates": [ 30.557306, 50.435167 ] } },
{ "type": "Feature", "properties": { "num": "75", "date_time": "15 червня 2026 00:38–05:22 (UTC+3)", "place": "Печерський р-н, вул. І. Мазепи, 10-12", "wapen": "Дрон-камікадзе", "die": "—", "injure": null, "damage": "Пошкоджено комплекс «Мистецький арсенал»[126]", "lat": 50.433667, "log": 30.554472 }, "geometry": { "type": "Point", "coordinates": [ 30.554472, 50.433667 ] } },
{ "type": "Feature", "properties": { "num": "76", "date_time": "15 червня 2026 00:38–05:22 (UTC+3)", "place": "Солом'янський р-н, вул. Братів Зерових, 4/6[127]", "wapen": "Дрон-камікадзе", "die": "2 особи", "injure": null, "damage": "Загоряння на 6 поверсі житлової дев'ятиповерхівки", "lat": 50.425306, "log": 30.473556 }, "geometry": { "type": "Point", "coordinates": [ 30.473556, 50.425306 ] } },
{ "type": "Feature", "properties": { "num": "77", "date_time": "15 червня 2026 00:38–05:22 (UTC+3)", "place": "Шевченківський р-н, просп. Берестейський, 42-А[128]", "wapen": null, "die": "—", "injure": null, "damage": "Пошкоджено ЖК «Крістал Парк Тауер»", "lat": 50.454222, "log": 30.452056 }, "geometry": { "type": "Point", "coordinates": [ 30.452056, 50.454222 ] } },
{ "type": "Feature", "properties": { "num": "78", "date_time": "15 червня 2026 00:38–05:22 (UTC+3)", "place": "Шевченківський р-н, вул. О. Довженка", "wapen": null, "die": "—", "injure": null, "damage": "Пошкоджено приміщення Кіностудії імені О. Довженка, знищено костюмерний цех[129]", "lat": 50.457611, "log": 30.448778 }, "geometry": { "type": "Point", "coordinates": [ 30.448778, 50.457611 ] } },
{ "type": "Feature", "properties": { "num": "79", "date_time": "15 червня 2026 00:38–05:22 (UTC+3)", "place": "Шевченківський р-н, вул. О. Довженка", "wapen": null, "die": "—", "injure": null, "damage": "Пожежа в торгових павільйонах", "lat": 50.457389, "log": 30.446667 }, "geometry": { "type": "Point", "coordinates": [ 30.446667, 50.457389 ] } },
{ "type": "Feature", "properties": { "num": "80", "date_time": "15 червня 2026 00:38–05:22 (UTC+3)", "place": "Деснянський р-н, вул. В. Іваниса", "wapen": null, "die": "—", "injure": null, "damage": "Пожежа у житловому будинку 1-КГ-480-12у, пошкоджено будівлю поліклініки №3 Деснянського району[130]", "lat": 50.469278, "log": 30.633472 }, "geometry": { "type": "Point", "coordinates": [ 30.633472, 50.469278 ] } },
{ "type": "Feature", "properties": { "num": "81", "date_time": "25 червня 2026 20:52–21:38 (UTC+3)", "place": "Дарницький р-н, вул. М. Хвильового[132]", "wapen": null, "die": "—", "injure": "2[133]", "damage": "Пожежа у складській будівлі", "lat": 50.416306, "log": 30.685 }, "geometry": { "type": "Point", "coordinates": [ 30.685, 50.416306 ] } },
{ "type": "Feature", "properties": { "num": "82", "date_time": "28 червня 2026 01:53–03:11 (UTC+3)", "place": "Дарницький р-н, вул. Бориспільська, 13[134][135]", "wapen": "Ракета", "die": "—", "injure": "2[136]", "damage": "Пошкоджена будівля фармкомпанії «Дарниця»", "lat": 50.426889, "log": 30.680639 }, "geometry": { "type": "Point", "coordinates": [ 30.680639, 50.426889 ] } },
{ "type": "Feature", "properties": { "num": "83", "date_time": "1 липня 2026 19:52 – 2 липня 2026 07:05 (UTC+3)", "place": "Голосіївський р-н, просп. Голосіївський, 27[138]", "wapen": null, "die": null, "injure": "102", "damage": "Пошкодження та займання на верхніх поверхах житлової 19-поверхівки", "lat": 50.4, "log": 30.514194 }, "geometry": { "type": "Point", "coordinates": [ 30.514194, 50.4 ] } },
{ "type": "Feature", "properties": { "num": "84", "date_time": "1 липня 2026 19:52 – 2 липня 2026 07:05 (UTC+3)", "place": "Дарницький р-н, вул. Новодарницька, 27-А[139][140]", "wapen": null, "die": "11 осіб (з них 1 дитина)[141][142][143]", "injure": null, "damage": "Руйнування житлового будинку 1-447С-46", "lat": 50.428611, "log": 30.662139 }, "geometry": { "type": "Point", "coordinates": [ 30.662139, 50.428611 ] } },
{ "type": "Feature", "properties": { "num": "85", "date_time": "1 липня 2026 19:52 – 2 липня 2026 07:05 (UTC+3)", "place": "Дарницький р-н, вул. Ю. Литвинського, 45-Б", "wapen": null, "die": "20 осіб[144][145][146][147][148]", "injure": null, "damage": "Руйнування верхніх поверхів 17-поверхового житлового будинку", "lat": 50.45425, "log": 30.43525 }, "geometry": { "type": "Point", "coordinates": [ 30.43525, 50.45425 ] } },
{ "type": "Feature", "properties": { "num": "86", "date_time": "1 липня 2026 19:52 – 2 липня 2026 07:05 (UTC+3)", "place": "Дарницький р-н, вул. Ялинкова, 23[149]", "wapen": null, "die": "Войтовська Євдокія (60 років)", "injure": null, "damage": "Зруйновано садибні житлові будинки", "lat": 50.409389, "log": 30.68075 }, "geometry": { "type": "Point", "coordinates": [ 30.68075, 50.409389 ] } },
{ "type": "Feature", "properties": { "num": "87", "date_time": "1 липня 2026 19:52 – 2 липня 2026 07:05 (UTC+3)", "place": "Оболонський р-н, вул. Марка Вовчка, 18-А[150][151][152]", "wapen": null, "die": "Колісник Сергій Віталійович (55 років)", "injure": null, "damage": "Руйнування й пожежа на складах, розлив нафтопродуктів у Кирилівське озеро", "lat": 50.497028, "log": 30.478472 }, "geometry": { "type": "Point", "coordinates": [ 30.478472, 50.497028 ] } },
{ "type": "Feature", "properties": { "num": "88", "date_time": "1 липня 2026 19:52 – 2 липня 2026 07:05 (UTC+3)", "place": "Печерський р-н, вул. Саперне Поле[153]", "wapen": null, "die": "Лєонов Володимир", "injure": null, "damage": "Пошкодження скління вікон та фасадних частин багатоквартирних будинків", "lat": 50.418139, "log": 30.531361 }, "geometry": { "type": "Point", "coordinates": [ 30.531361, 50.418139 ] } },
{ "type": "Feature", "properties": { "num": "89", "date_time": "1 липня 2026 19:52 – 2 липня 2026 07:05 (UTC+3)", "place": "Солом'янський р-н, вул. Гарматна, 4[154]", "wapen": null, "die": "Лєонова Людмила", "injure": null, "damage": "Пожежа в торговому павільйоні", "lat": 50.45425, "log": 30.43525 }, "geometry": { "type": "Point", "coordinates": [ 30.43525, 50.45425 ] } },
{ "type": "Feature", "properties": { "num": "90", "date_time": "1 липня 2026 19:52 – 2 липня 2026 07:05 (UTC+3)", "place": "Шевченківський р-н, просп. Берестейський , 88/2[155]", "wapen": null, "die": "Кутузова Ольга, 1984 р. н.", "injure": null, "damage": "Пошкоджено житловий будинок 1-438-9", "lat": 50.459028, "log": 30.401778 }, "geometry": { "type": "Point", "coordinates": [ 30.401778, 50.459028 ] } },
{ "type": "Feature", "properties": { "num": "91", "date_time": "1 липня 2026 19:52 – 2 липня 2026 07:05 (UTC+3)", "place": "Шевченківський р-н, вул. О. Довженка, 8[156]", "wapen": null, "die": "Тиндик Степан (39 років)", "injure": null, "damage": "Пошкоджено житловий будинок 1-480-15кп, міський зоопарк", "lat": 50.457833, "log": 30.447694 }, "geometry": { "type": "Point", "coordinates": [ 30.447694, 50.457833 ] } },
{ "type": "Feature", "properties": { "num": "92", "date_time": "1 липня 2026 19:52 – 2 липня 2026 07:05 (UTC+3)", "place": "Шевченківський р-н, б-р Т. Шевченка, 4[157]", "wapen": null, "die": "—", "injure": "—", "damage": "Пошкоджено готель «СітіХотел Резіденс»", "lat": 50.442944, "log": 30.518611 }, "geometry": { "type": "Point", "coordinates": [ 30.518611, 50.442944 ] } },
{ "type": "Feature", "properties": { "num": "93", "date_time": "6 липня 2026 01:12–05:09 (UTC+3)", "place": "Голосіївський р-н, вул. М. Максимовича[158][159]", "wapen": null, "die": "—", "injure": "76[160]", "damage": "Пошкодження скління вікон ІПО КНУ", "lat": 50.392889, "log": 30.479111 }, "geometry": { "type": "Point", "coordinates": [ 30.479111, 50.392889 ] } },
{ "type": "Feature", "properties": { "num": "94", "date_time": "6 липня 2026 01:12–05:09 (UTC+3)", "place": "Дарницький р-н, вул. Г. Бабіча[161][159]", "wapen": null, "die": "11 осіб (з них 1 дитина)[162][163][164][165][166]", "injure": null, "damage": "Пошкоджено ЖК «Грейт»", "lat": 50.417667, "log": 30.600139 }, "geometry": { "type": "Point", "coordinates": [ 30.600139, 50.417667 ] } },
{ "type": "Feature", "properties": { "num": "95", "date_time": "6 липня 2026 01:12–05:09 (UTC+3)", "place": "Дарницький р-н, вул. Зарічна, 6", "wapen": null, "die": "Правдіна Діана (23 роки)", "injure": null, "damage": "Пошкоджено ЖК «Славутич 2.0»", "lat": 50.395722, "log": 30.606278 }, "geometry": { "type": "Point", "coordinates": [ 30.606278, 50.395722 ] } },
{ "type": "Feature", "properties": { "num": "96", "date_time": "6 липня 2026 01:12–05:09 (UTC+3)", "place": "Дарницький р-н, вул. Урлівська, 23-Б", "wapen": null, "die": "Москалюк Олександр", "injure": null, "damage": "Пошкоджено 25-поверховий житловий будинок, пожежа у гаражному кооперативі", "lat": 50.410139, "log": 30.613028 }, "geometry": { "type": "Point", "coordinates": [ 30.613028, 50.410139 ] } },
{ "type": "Feature", "properties": { "num": "97", "date_time": "6 липня 2026 01:12–05:09 (UTC+3)", "place": "Оболонський р-н, вул. Куренівська, 2[167][168]", "wapen": null, "die": "—", "injure": null, "damage": "Зруйновано сервіс-центр «Cooper&Hunter» (суббренд компанії Gree)", "lat": 50.490667, "log": 30.469306 }, "geometry": { "type": "Point", "coordinates": [ 30.469306, 50.490667 ] } },
{ "type": "Feature", "properties": { "num": "98", "date_time": "6 липня 2026 01:12–05:09 (UTC+3)", "place": "Печерський р-н, туп. Фортечний, 7-В[169]", "wapen": null, "die": "—", "injure": null, "damage": "Пошкоджено ЖК «Грінвілл на Печерську»", "lat": 50.423472, "log": 30.529778 }, "geometry": { "type": "Point", "coordinates": [ 30.529778, 50.423472 ] } },
{ "type": "Feature", "properties": { "num": "99", "date_time": "6 липня 2026 01:12–05:09 (UTC+3)", "place": "Подільський р-н, просп. Г. Гонгадзе, 18-Ж", "wapen": null, "die": "8 осіб[162][170][171][172][173]", "injure": null, "damage": "Пошкоджено житловий будинок КТУ", "lat": 50.511333, "log": 30.413833 }, "geometry": { "type": "Point", "coordinates": [ 30.413833, 50.511333 ] } },
{ "type": "Feature", "properties": { "num": "100", "date_time": "6 липня 2026 01:12–05:09 (UTC+3)", "place": "Подільський р-н, просп. Європейського Союзу, 68-Б", "wapen": null, "die": "Корбут Світлана (69 років)", "injure": null, "damage": "Зруйновано житловий будинок ММ-640, пошкоджено 9-поверхівку 111-134", "lat": 50.506444, "log": 30.428306 }, "geometry": { "type": "Point", "coordinates": [ 30.428306, 50.506444 ] } },
{ "type": "Feature", "properties": { "num": "101", "date_time": "6 липня 2026 01:12–05:09 (UTC+3)", "place": "Подільський р-н, вул. Родини Крістерів, 20[161]", "wapen": null, "die": "Никифоров Богдан (19 років)", "injure": null, "damage": "Пошкоджено житловий будинок ЖК «Варшавський Мікрорайон»", "lat": 50.502833, "log": 30.422222 }, "geometry": { "type": "Point", "coordinates": [ 30.422222, 50.502833 ] } },
{ "type": "Feature", "properties": { "num": "102", "date_time": "8 липня 2026 00:31–01:44 (UTC+3)", "place": "Деснянський р-н, вул. Героїв Енергетиків, 47[174]", "wapen": "Ракета", "die": "—", "injure": "16", "damage": "Руйнування складських споруд з подальшим загорянням", "lat": 50.523694, "log": 30.635778 }, "geometry": { "type": "Point", "coordinates": [ 30.635778, 50.523694 ] } },
{ "type": "Feature", "properties": { "num": "103", "date_time": "8 липня 2026 00:31–01:44 (UTC+3)", "place": "Святошинський р-н, просп. Академіка Корольова", "wapen": "Ракета", "die": "1 особа[175]", "injure": null, "damage": "Пожежа в гаражах, адміністративних та складських будівлях, пошкоджено 42 трамваї PESA в Депо ім. Шевченка[176]", "lat": 50.416306, "log": 30.408 }, "geometry": { "type": "Point", "coordinates": [ 30.408, 50.416306 ] } },
{ "type": "Feature", "properties": { "num": "104", "date_time": "8 липня 2026 13:10–14:52 (UTC+3)", "place": "Деснянський р-н, вул. Крайня, 1[177]", "wapen": "Дрон-камікадзе", "die": "2 особи[178]", "injure": null, "damage": "Пожежа у триповерховій складській та суміжній будівлях на площі 900 м²", "lat": 50.492167, "log": 30.614361 }, "geometry": { "type": "Point", "coordinates": [ 30.614361, 50.492167 ] } },
{ "type": "Feature", "properties": { "num": "105", "date_time": "8 липня 2026 16:50–17:31 (UTC+3)", "place": "Деснянський р-н, вул. М. Закревського, 93-А[179]", "wapen": "Дрон-камікадзе", "die": "—", "injure": null, "damage": "Пошкоджено верхні поверхи 25-поверхового багатоквартирного будинку", "lat": 50.529639, "log": 30.62775 }, "geometry": { "type": "Point", "coordinates": [ 30.62775, 50.529639 ] } },
{ "type": "Feature", "properties": { "num": "106", "date_time": "11 липня 2026 03:40–05:02 (UTC+3)", "place": "Дарницький р-н, перетин вул. Тростянецької та Харківського шосе[180][181]", "wapen": "Ракета", "die": "—", "injure": "12", "damage": "Пошкоджено об'єкти транспортної інфраструктури", "lat": 50.419167, "log": 30.655167 }, "geometry": { "type": "Point", "coordinates": [ 30.655167, 50.419167 ] } },
{ "type": "Feature", "properties": { "num": "107", "date_time": "11 липня 2026 03:40–05:02 (UTC+3)", "place": "Солом'янський р-н, вул. Пост-Волинська[182]", "wapen": "Ракета", "die": "—", "injure": null, "damage": "Руйнування об'єктів комерційної інфраструктури", "lat": 50.412611, "log": 30.427222 }, "geometry": { "type": "Point", "coordinates": [ 30.427222, 50.412611 ] } },
{ "type": "Feature", "properties": { "num": "108", "date_time": "14 липня 2026 00:15–01:06 (UTC+3)", "place": "Дарницький р-н, вул. Вакуленчука, 1[183][184]", "wapen": "Ракета", "die": "—", "injure": "—", "damage": "Вибито вікна, пошкоджено покрівлю, фасад і спортивні майданчики спецшколи № 10 та ІРЦ № 11", "lat": 50.401889, "log": 30.672139 }, "geometry": { "type": "Point", "coordinates": [ 30.672139, 50.401889 ] } },
{ "type": "Feature", "properties": { "num": "109", "date_time": "16 липня 2026 00:46–01:47 (UTC+3)", "place": "Дарницький р-н, вул. Зрошувальна[185]", "wapen": "Ракета", "die": "2 особи", "injure": "6", "damage": "Пожежа на транспортно-логістичному підприємстві", "lat": 50.432028, "log": 30.678306 }, "geometry": { "type": "Point", "coordinates": [ 30.678306, 50.432028 ] } },
{ "type": "Feature", "properties": { "num": "110", "date_time": "16 липня 2026 00:46–01:47 (UTC+3)", "place": "Святошинський р-н, вул. І. Дзюби, 7[186]", "wapen": "Ракета", "die": "—", "injure": null, "damage": "Пожежа в логістичному комплексі", "lat": 50.424722, "log": 30.39775 }, "geometry": { "type": "Point", "coordinates": [ 30.39775, 50.424722 ] } },
{ "type": "Feature", "properties": { "num": "111", "date_time": "19 липня 2026 01:21–03:13 (UTC+3)", "place": "Солом'янський р-н, б-р В. Гавела, 25 та 27[187]", "wapen": "Ракета", "die": "—", "injure": "17", "damage": "Пошкоджено житлові будинки 1-438-6 та 124-87-107", "lat": 50.445028, "log": 30.416417 }, "geometry": { "type": "Point", "coordinates": [ 30.416417, 50.445028 ] } },
{ "type": "Feature", "properties": { "num": "112", "date_time": "19 липня 2026 01:21–03:13 (UTC+3)", "place": "Шевченківський р-н, вул. Січових Стрільців, 91", "wapen": "Ракета", "die": "1 особа", "injure": null, "damage": "Пошкоджено будинок Лук'янівської поліційної дільниці", "lat": 50.459028, "log": 30.485417 }, "geometry": { "type": "Point", "coordinates": [ 30.485417, 50.459028 ] } },
{ "type": "Feature", "properties": { "num": "113", "date_time": "19 липня 2026 01:21–03:13 (UTC+3)", "place": "Шевченківський р-н, вул. Ю. Іллєнка, 1[188]", "wapen": "Ракета", "die": "89-річна жінка", "injure": null, "damage": "Зруйнована сходова частина підземного пішохідного переходу", "lat": 50.462306, "log": 30.482472 }, "geometry": { "type": "Point", "coordinates": [ 30.482472, 50.462306 ] } },
{ "type": "Feature", "properties": { "num": "115", "date_time": "30 липня 2026 01:08–06:12 (UTC+3)", "place": "Оболонський р-н, вул. Вербова, 19[190][191]", "wapen": "Ракета", "die": "—", "injure": "3", "damage": "Пожежа на дитячому ринку «Почайна» на площі 100 м²", "lat": 50.486333, "log": 30.490472 }, "geometry": { "type": "Point", "coordinates": [ 30.490472, 50.486333 ] } },
{ "type": "Feature", "properties": { "num": "116", "date_time": "30 липня 2026 01:08–06:12 (UTC+3)", "place": "Святошинський р-н, вул. І. Дзюби, 9[192]", "wapen": "Ракета", "die": "1 особа", "injure": null, "damage": "Пошкоджено офісні будівлі та склади, знищено автівки", "lat": 50.422278, "log": 30.397083 }, "geometry": { "type": "Point", "coordinates": [ 30.397083, 50.422278 ] } },
{ "type": "Feature", "properties": { "num": "118", "date_time": "1 серпня 2026 01:28–02:47 та 03:17–03:54 (UTC+3)", "place": "Дарницький р-н, вул. Драгоманова[199]", "wapen": "Ракета", "die": "Терехін Єгор (22 роки)", "injure": null, "damage": "Пошкоджено будівлю Дарницької райдержадміністрації", "lat": 50.40625, "log": 30.639889 }, "geometry": { "type": "Point", "coordinates": [ 30.639889, 50.40625 ] } },
{ "type": "Feature", "properties": { "num": "119", "date_time": "1 серпня 2026 01:28–02:47 та 03:17–03:54 (UTC+3)", "place": "Дарницький р-н, вул. Здолбунівська[200]", "wapen": "Подвійний ракетний удар", "die": "Яровенко Віталіна (20 років)", "injure": null, "damage": "Пошкоджено 25-поверховий та 111-134 житлові будинки", "lat": 50.415278, "log": 30.614556 }, "geometry": { "type": "Point", "coordinates": [ 30.614556, 50.415278 ] } },
{ "type": "Feature", "properties": { "num": "120", "date_time": "1 серпня 2026 01:28–02:47 та 03:17–03:54 (UTC+3)", "place": "Дніпровський р-н, вул. Дніпровська набережна[201]", "wapen": "Ракета", "die": "—", "injure": null, "damage": "Пошкоджено гіпермаркет «Велмарт»", "lat": 50.421583, "log": 30.59275 }, "geometry": { "type": "Point", "coordinates": [ 30.59275, 50.421583 ] } },
{ "type": "Feature", "properties": { "num": "121", "date_time": "1 серпня 2026 01:28–02:47 та 03:17–03:54 (UTC+3)", "place": "Печерський р-н, вул. Звіринецька[202]", "wapen": "Ракета", "die": "—", "injure": null, "damage": "Пошкоджено будівлю Посольства Литви та садибні житлові будинки", "lat": 50.404778, "log": 30.558639 }, "geometry": { "type": "Point", "coordinates": [ 30.558639, 50.404778 ] } },
{ "type": "Feature", "properties": { "num": "122", "date_time": "1 серпня 2026 01:28–02:47 та 03:17–03:54 (UTC+3)", "place": "Солом'янський р-н, вул. Академіка Шалімова, 18/вул. В. Чумака, 2[203]", "wapen": "Ракета", "die": "—", "injure": null, "damage": "Пошкоджено житловий будинок 1-464А-2", "lat": 50.442111, "log": 30.415861 }, "geometry": { "type": "Point", "coordinates": [ 30.415861, 50.442111 ] } },
{ "type": "Feature", "properties": { "num": "123", "date_time": "1 серпня 2026 01:28–02:47 та 03:17–03:54 (UTC+3)", "place": "Солом'янський р-н", "wapen": "Ракета", "die": "2 особи[204]", "injure": null, "damage": "Пошкоджено виробничу базу «Автострада»", "lat": 50.445139, "log": 30.405944 }, "geometry": { "type": "Point", "coordinates": [ 30.405944, 50.445139 ] } },
{ "type": "Feature", "properties": { "num": "124", "date_time": "1 серпня 2026 01:28–02:47 та 03:17–03:54 (UTC+3)", "place": "Шевченківський р-н, пров. Старожитомирський[205][206][207]", "wapen": "Подвійний ракетний удар", "die": "—", "injure": null, "damage": "Пошкоджено КО «Київмедспецтранс» та мусульманський ринок їжі", "lat": 50.46125, "log": 30.457083 }, "geometry": { "type": "Point", "coordinates": [ 30.457083, 50.46125 ] } },
{ "type": "Feature", "properties": { "num": "126", "date_time": "5 серпня 2026 00:18–01:45 (UTC+3)", "place": "Деснянський р-н, вул. Віскозна, 4[209]", "wapen": "Ракета", "die": "—", "injure": null, "damage": "Частково зруйновано логістичний центр «Епіцентр К»", "lat": 50.452222, "log": 30.650639 }, "geometry": { "type": "Point", "coordinates": [ 30.650639, 50.452222 ] } },
{ "type": "Feature", "properties": { "num": "127", "date_time": "5 серпня 2026 00:18–01:45 (UTC+3)", "place": "Оболонський р-н, вул. Богатирська, 11[210]", "wapen": "Ракета", "die": "5 осіб[211][212][213][214]", "injure": null, "damage": "Частково зруйновано сортувальний центр «Нова пошта»", "lat": 50.525694, "log": 30.482444 }, "geometry": { "type": "Point", "coordinates": [ 30.482444, 50.525694 ] } },
{ "type": "Feature", "properties": { "num": "128", "date_time": "5 серпня 2026 00:18–01:45 (UTC+3)", "place": "Святошинський р-н, вул. М. Трублаїні[215]", "wapen": "Ракета", "die": "—", "injure": null, "damage": "Частково зруйновано логістичний центр «Novus»", "lat": 50.404417, "log": 30.419861 }, "geometry": { "type": "Point", "coordinates": [ 30.419861, 50.404417 ] } },
{ "type": "Feature", "properties": { "num": "130", "date_time": "11 серпня 2026 00:26–01:05 (UTC+3)", "place": "Шевченківський р-н, Оболонський р-н, вул. Дегтярівська, 23[217]", "wapen": "Ракета", "die": "—", "injure": "1", "damage": "Пошкоджено Київську міську дитячу клінічну інфекційну лікарню", "lat": 50.461972, "log": 30.458611 }, "geometry": { "type": "Point", "coordinates": [ 30.458611, 50.461972 ] } },
{ "type": "Feature", "properties": { "num": "131", "date_time": "16 серпня 2026 01:57–02:34 та 02:46–03:21 (UTC+3)", "place": "Оболонський р-н, вул. Вербова[218]", "wapen": "Ракета", "die": "—", "injure": "3", "damage": "Пожежа на книжковому ринку «Почайна»", "lat": 50.485361, "log": 30.497611 }, "geometry": { "type": "Point", "coordinates": [ 30.497611, 50.485361 ] } },
{ "type": "Feature", "properties": { "num": "132", "date_time": "16 серпня 2026 01:57–02:34 та 02:46–03:21 (UTC+3)", "place": "Оболонський р-н, просп. С. Бандери, 6[219][220][221][222]", "wapen": "Ракета", "die": "—", "injure": null, "damage": "Пошкоджено офіси і склади видавництв «Наш Формат», «РМ», «BookChef», «Віхола», «Ранок», «Лабораторія» та ін.", "lat": 50.486722, "log": 30.494806 }, "geometry": { "type": "Point", "coordinates": [ 30.494806, 50.486722 ] } },
{ "type": "Feature", "properties": { "num": "134", "date_time": "19 серпня 2026 23:51 – 20 серпня 2026 08:36 (UTC+3)", "place": "Солом'янський р-н, вул. Волинська, 21[225]", "wapen": "Ракета", "die": "11 осіб", "injure": null, "damage": "Зруйновано госпбудівлю Дитячої клінічної лікарні № 3", "lat": 50.425944, "log": 30.451472 }, "geometry": { "type": "Point", "coordinates": [ 30.451472, 50.425944 ] } },
{ "type": "Feature", "properties": { "num": "135", "date_time": "19 серпня 2026 23:51 – 20 серпня 2026 08:36 (UTC+3)", "place": "Солом'янський р-н, вул. В. Сікевича, 16[226][227]", "wapen": "Ракета", "die": null, "injure": null, "damage": "Руйнування верхніх поверхів «малосімейки» 1-318-35/66, пожежі у сусідніх будівлях", "lat": 50.424556, "log": 30.447833 }, "geometry": { "type": "Point", "coordinates": [ 30.447833, 50.424556 ] } },
{ "type": "Feature", "properties": { "num": "136", "date_time": "20 серпня 2026 17:03–18:55 (UTC+3)", "place": "Голосіївський р-н[228]", "wapen": "Ракета", "die": "1 особа", "injure": null, "damage": "Пожежа у бізнес-парку «Глорія» на площі 400 м²", "lat": 50.396611, "log": 30.479944 }, "geometry": { "type": "Point", "coordinates": [ 30.479944, 50.396611 ] } },
{ "type": "Feature", "properties": { "num": "138", "date_time": "24 серпня 2026 23:59 – 25 серпня 2026 00:43 (UTC+3)", "place": "Голосіївський р-н, вул. Ю. Здановської, 46/1[230][231]", "wapen": "Дрон-камікадзе", "die": "—", "injure": "—", "damage": "Пошкоджено 16-поверховий житловий будинок", "lat": 50.386417, "log": 30.467556 }, "geometry": { "type": "Point", "coordinates": [ 30.467556, 50.386417 ] } },
{ "type": "Feature", "properties": { "num": "139", "date_time": "27 серпня 2026", "place": "Шевченківський р-н, вул. Родини Глаголєвих, 2/20[232][233]", "wapen": "Дрон-камікадзе", "die": "—", "injure": "4[234]", "damage": "Пошкоджена гімназія № 20", "lat": 50.471417, "log": 30.442694 }, "geometry": { "type": "Point", "coordinates": [ 30.442694, 50.471417 ] } },
{ "type": "Feature", "properties": { "num": "141", "date_time": "29 серпня 2026 03:45–07:08 та 07:29–11:54 (UTC+3)", "place": "Оболонський р-н, наб. Оболонська[236]", "wapen": "Дрон-камікадзе", "die": "1 дитина", "injure": "8", "damage": "Пошкоджена кав'ярня, оздоблення парку", "lat": 50.497583, "log": 30.522139 }, "geometry": { "type": "Point", "coordinates": [ 30.522139, 50.497583 ] } },
{ "type": "Feature", "properties": { "num": "142", "date_time": "29 серпня 2026 03:45–07:08 та 07:29–11:54 (UTC+3)", "place": "Святошинський р-н, вул. Янтарна, 9[236]", "wapen": "Дрон-камікадзе", "die": "—", "injure": null, "damage": "Пошкоджено садибні житлові будинки та адмінбудівлі", "lat": 50.442778, "log": 30.363528 }, "geometry": { "type": "Point", "coordinates": [ 30.363528, 50.442778 ] } },
{ "type": "Feature", "properties": { "num": "144", "date_time": "29 серпня 2026 ввечері", "place": "Деснянський р-н, Лівобережна лінія Київського швидкісного трамвая[237]", "wapen": "Дрон-камікадзе", "die": "—", "injure": "—", "damage": "Загоряння трав'яного настилу та чагарників двома осередками на площі по 500 м² кожен", "lat": 50.489278, "log": 30.574083 }, "geometry": { "type": "Point", "coordinates": [ 30.574083, 50.489278 ] } }
]
}
